Antiguedad_Meses,Gasto_Mensual,Gasto_Total,Soporte_Tecnico_Tickets,Contrato_Anual,Churn,Tickets_Por_Mes,Ticket_Promedio
52,40.35782803422427,2076.67484272813,6,1,1,0.11320754716981132,39.182544202417546
15,104.04524062769335,1567.9367004996072,3,1,1,0.1875,97.99604378122545
61,37.41933365782536,2231.438442722459,5,0,1,0.08064516129032258,35.99094262455579
21,116.0780551486977,2424.9629248105007,1,0,1,0.045454545454545456,110.22558749138639
24,61.59073661469408,1515.5183201436107,6,1,1,0.24,60.62073280574443
3,104.62452920190493,256.38857221573846,1,0,1,0.25,64.09714305393462
22,82.8764818205945,1857.0686026687533,9,0,1,0.391304347826087,80.74211315951102
53,93.53502986657526,4949.145700041518,7,0,1,0.12962962962962962,91.65084629706514
2,96.77238880667802,208.1597108199618,7,0,1,2.3333333333333335,69.3865702733206
30,70.48448818930177,2134.260378083606,0,0,1,0.0,68.84710897043891
38,74.33005233632883,2837.784633765223,7,1,1,0.1794871794871795,72.76370855808264
2,71.3995867808725,116.8506540128202,1,1,0,0.3333333333333333,38.9502180042734
64,78.80583780900793,5032.637145380457,5,1,0,0.07692307692307693,77.42518685200703
60,22.93944457565073,1332.5199892215194,0,0,1,0.0,21.844589987238024
21,59.551516984901525,1265.3357466305745,4,0,1,0.18181818181818182,57.51526121048066
33,80.61887135611715,2711.484409372344,6,0,1,0.17647058823529413,79.74954145212777
58,79.77235652558643,4572.063451883719,9,1,1,0.15254237288135594,77.49260087938507
22,99.29560946056316,2161.6540309482484,0,0,1,0.0,93.98495786731515
49,85.50093388321085,4184.0925020008435,1,1,0,0.02,83.68185004001687
59,119.21333163406723,7038.786809121373,6,1,0,0.1,117.31311348535623
42,48.385452860864504,2058.564309199342,5,0,1,0.11627906976744186,47.87358858603121
60,55.915102966623145,3350.3401785866586,2,0,1,0.03278688524590164,54.92360948502719
15,58.38471518677963,866.291966008325,9,1,1,0.5625,54.14324787552031
62,66.58128070202486,4161.133324707634,1,1,0,0.015873015873015872,66.04973531281958
62,103.59980637812095,6443.047862455398,9,0,1,0.14285714285714285,102.27060099135552
47,43.579209395920984,2064.3921808793193,3,0,1,0.0625,43.00817043498582
62,97.60002070354295,6054.576754967306,2,1,0,0.031746031746031744,96.104392935989
51,60.53101830857434,3116.576500064887,6,0,1,0.11538461538461539,59.93416346278629
55,80.18553836620086,4390.515328404139,7,0,1,0.125,78.40205943578819
64,83.25405332263061,5304.478584182777,1,0,0,0.015384615384615385,81.60736283358119
3,57.28486371889345,194.23762076276006,9,0,1,2.25,48.559405190690015
51,71.26152052058052,3585.5864674721993,6,0,1,0.11538461538461539,68.95358591292691
7,61.3031174647697,431.88720754248254,7,0,1,0.875,53.98590094281032
21,26.913278618661945,555.6821004240255,5,0,1,0.22727272727272727,25.25827729200116
39,63.71653888168265,2442.7723744660348,5,0,1,0.125,61.069309361650866
18,29.73933925535522,507.370079204906,9,1,1,0.47368421052631576,26.70368837920558
4,60.50207990803215,238.73903686326813,0,1,0,0.0,47.747807372653625
60,79.29183998317819,4788.529296685661,3,1,1,0.04918032786885246,78.50048027353543
14,77.94148993435007,1071.5921193431666,0,1,1,0.0,71.43947462287777
9,86.26212790083204,812.7605931046382,3,0,0,0.3,81.27605931046382
53,29.526150795462627,1566.7813689862146,1,0,0,0.018518518518518517,29.014469796041013
2,85.21232455304379,209.7361901711867,4,1,1,1.3333333333333333,69.91206339039557
60,51.214805669644704,3054.753591915281,9,0,1,0.14754098360655737,50.077927736316084
71,59.90459461371111,4251.761929930328,8,0,1,0.1111111111111111,59.05224902681011
44,105.79862539227058,4666.194025360016,9,1,1,0.2,103.6932005635559
8,20.903040412955026,161.83900942139485,2,0,1,0.2222222222222222,17.98211215793276
47,78.84126333406054,3734.1301011152027,7,0,1,0.14583333333333334,77.79437710656673
35,79.87139801001075,2729.2720185916683,2,1,1,0.05555555555555555,75.81311162754633
36,59.665977634356196,2220.6473610005214,5,1,0,0.13513513513513514,60.017496243257334
50,43.702785710833616,2210.8725237515355,3,0,1,0.058823529411764705,43.35044164218697
4,43.467403826155106,168.66366043356993,7,1,1,1.4,33.73273208671399
2,108.37096696607526,200.17228372483018,5,1,1,1.6666666666666667,66.7240945749434
6,64.20243737828575,359.22200592625785,7,1,1,1.0,51.31742941803684
54,53.08893629891719,2886.1710243666203,0,0,0,0.0,52.475836806665825
4,64.8777573831403,289.36047959633186,5,0,1,1.0,57.87209591926637
54,86.93904014593613,4689.832384036655,0,1,0,0.0,85.26967970975736
63,34.57565682447517,2211.4760923312906,0,1,0,0.0,34.554313942676416
18,64.94338352137376,1141.7631019818941,7,1,0,0.3684210526315789,60.09279484115232
44,78.78843711103869,3434.1769073860974,6,0,1,0.13333333333333333,76.31504238635772
34,114.85833548514337,3959.5836426522415,2,0,0,0.05714285714285714,113.13096121863548
62,45.25277820754192,2823.4055072737556,5,1,0,0.07936507936507936,44.815960432916754
14,55.92507479162455,824.8564931371436,8,0,1,0.5333333333333333,54.990432875809574
48,57.93585899224238,2755.3030403760035,6,0,1,0.12244897959183673,56.23067429338783
15,80.55381576448829,1180.6014747142624,2,0,0,0.125,73.7875921696414
62,55.67320530400016,3440.980449264284,5,0,1,0.07936507936507936,54.61873728990927
40,73.35119252996955,2909.325935952612,3,1,0,0.07317073170731707,70.9591691695759
53,98.17903298450294,5224.649704485509,2,1,0,0.037037037037037035,96.7527723052872
24,90.53855941122036,2150.391644161495,8,0,1,0.32,86.0156657664598
26,64.63686465125855,1645.4083851907035,9,0,1,0.3333333333333333,60.94105130335939
60,106.42161776741689,6389.557528412671,1,1,0,0.01639344262295082,104.74684472807657
41,75.81402495938629,3069.6754380600814,0,0,0,0.0,73.08751043000194
29,73.99058395022125,2091.743016612155,1,0,1,0.03333333333333333,69.72476722040516
15,23.41877659391582,355.2793659245756,6,1,1,0.375,22.204960370285974
45,118.66929803571615,5287.641810316921,9,0,1,0.1956521739130435,114.94873500688958
65,32.29708085296267,2122.568637331436,0,1,0,0.0,32.16013086865812
71,43.11309124276466,3019.1694664487068,5,0,0,0.06944444444444445,41.93290925623204
9,25.169683724152698,159.30693992478183,6,0,1,0.6,15.930693992478183
1,84.00029668369137,75.18639717946755,8,0,1,4.0,37.593198589733774
8,42.470117697267995,344.0987766770385,7,1,1,0.7777777777777778,38.23319740855983
63,38.00104374727235,2408.8100079886162,5,0,1,0.078125,37.63765637482213
11,28.855558422324137,322.57161361604113,2,0,1,0.16666666666666666,26.880967801336762
8,30.330895712401567,210.86778706568026,7,1,1,0.7777777777777778,23.42975411840892
35,78.46707004425888,2767.7392869768587,6,0,1,0.16666666666666666,76.8816468604683
35,88.82078658665954,3137.531685727476,2,0,0,0.05555555555555555,87.15365793687434
33,59.7378988464401,1935.1777980788574,8,0,1,0.23529411764705882,56.916994061142866
5,67.98970815920732,334.5183566362482,1,1,0,0.16666666666666666,55.7530594393747
41,88.59677359829841,3624.234516716964,2,0,0,0.047619047619047616,86.29129801707057
28,21.737979018547964,615.2748600029839,1,0,0,0.034482758620689655,21.216374482861514
7,52.31306570702785,360.04374619597166,0,0,0,0.0,45.00546827449646
12,117.30977480703464,1405.6809645222265,3,0,0,0.23076923076923078,108.12930496324819
34,78.01122296954681,2671.636046871842,4,1,0,0.11428571428571428,76.33245848205263
33,45.422457989749326,1465.5255206736938,5,1,1,0.14705882352941177,43.10369178452041
48,72.17300466362131,3486.4254179116474,4,1,1,0.08163265306122448,71.15153914105403
23,54.26534881209153,1282.3370046240427,0,1,0,0.0,53.43070852600178
62,73.22449888262992,4588.9429805277205,2,1,0,0.031746031746031744,72.84036477028128
37,32.574151180664884,1140.9425739604799,0,0,0,0.0,30.024804577907364
44,33.27146538192774,1458.457427091364,4,1,1,0.08888888888888889,32.41016504647476
35,34.35423620393929,1143.4452499072675,4,0,1,0.1111111111111111,31.762368052979653
65,113.98197919268418,7335.776736831287,5,0,0,0.07575757575757576,111.14813237623162
47,93.28989183413418,4388.947707632531,7,1,1,0.14583333333333334,91.43641057567773
3,36.238189466232086,96.74001461318541,9,0,1,2.25,24.185003653296352
1,38.83490837656014,47.830436929682534,0,1,0,0.0,23.915218464841267
5,93.08294748708764,479.99856813805764,3,0,1,0.5,79.99976135634294
14,35.616384479217395,536.0662614522811,9,1,1,0.6,35.73775076348541
27,43.45612933348286,1174.9331047632108,0,0,1,0.0,41.9618965986861
9,116.3346832820399,1134.7128180579318,8,1,1,0.8,113.47128180579318
15,45.53065247284319,692.1520827422042,6,1,1,0.375,43.259505171387765
42,86.16323503711467,3674.130242895833,6,0,1,0.13953488372093023,85.44488936967053
51,117.86312874005304,5941.034431726977,4,0,1,0.07692307692307693,114.25066214859572
63,57.42967671397926,3658.561818867212,6,0,1,0.09375,57.16502841980019
52,21.751599086206223,1125.6603377888569,1,0,1,0.018867924528301886,21.23887429790296
4,44.414729042237425,119.20849838613157,3,1,1,0.6,23.841699677226313
23,103.08771913417054,2383.6338933627662,6,1,0,0.25,99.31807889011526
15,106.46088359550367,1587.8245877930256,2,0,0,0.125,99.2390367370641
43,96.85193645237912,4182.034864905746,1,1,0,0.022727272727272728,95.04624692967604
29,31.3109819076573,938.3507690485941,9,1,1,0.3,31.27835896828647
36,99.55103716964031,3539.162834604203,1,0,0,0.02702702702702703,95.65304958389738
13,111.86777969935042,1484.7287055652102,0,1,0,0.0,106.05205039751502
32,80.06095425462361,2562.144920674577,4,1,0,0.12121212121212122,77.64075517195688
71,114.08753563380648,8140.800265241059,5,0,1,0.06944444444444445,113.06667035057026
59,102.68388837118775,6052.194967030141,5,0,1,0.08333333333333333,100.86991611716901
28,86.69715169909072,2413.4079807985977,8,0,1,0.27586206896551724,83.22096485512405
66,77.71852367117481,5130.234183518206,3,1,0,0.04477611940298507,76.57065945549562
42,54.85736672419705,2307.065223607672,0,1,0,0.0,53.652679618783075
45,35.92874452428052,1596.909959547871,5,1,0,0.10869565217391304,34.71543390321459
62,80.49539226905408,4975.825178752694,4,0,0,0.06349206349206349,78.98135204369356
57,51.81115536181195,2916.4295895878677,9,0,1,0.15517241379310345,50.28326878599772
6,106.64386675276454,626.8238478228814,5,0,1,0.7142857142857143,89.54626397469734
28,119.33369373586285,3361.632726404087,2,0,1,0.06896551724137931,115.918369876003
28,95.24277626155725,2662.6771101064187,1,1,0,0.034482758620689655,91.81645207263513
44,29.048169528705074,1308.391418144443,5,1,1,0.1111111111111111,29.07536484765429
30,48.86855955306381,1460.493902562322,0,1,0,0.0,47.112706534268455
62,30.910963176574974,1873.534177015949,6,1,1,0.09523809523809523,29.738637730411888
62,85.05116477917157,5291.090462935335,6,0,1,0.09523809523809523,83.98556290373548
1,96.51908645557846,76.31039222457639,9,0,1,4.5,38.155196112288195
27,112.56748308807119,3032.321024715016,6,0,1,0.21428571428571427,108.2971794541077
62,63.817234641198766,3993.7957091788467,9,1,1,0.14285714285714285,63.39358268537852
3,110.13756495884444,295.5865810848879,0,1,0,0.0,73.89664527122197
70,107.78911590413276,7550.180426913224,3,0,0,0.04225352112676056,106.34056939314401
27,51.71957167653986,1395.2128847655024,6,0,1,0.21428571428571427,49.82903159876794
9,106.8900625540571,983.038334449627,8,0,1,0.8,98.30383344496269
62,57.56722518817265,3594.822562631165,4,0,0,0.06349206349206349,57.06067559732008
37,49.68692745602808,1846.3314860005057,1,0,1,0.02631578947368421,48.58767068422384
51,84.90746587943931,4319.469520453993,6,0,1,0.11538461538461539,83.06672154719217
44,52.83812278850811,2339.0785778151358,9,0,1,0.2,51.97952395144746
24,83.02087483291442,2032.570672904283,0,1,0,0.0,81.30282691617131
59,80.98318054986945,4777.188954253106,6,0,1,0.1,79.61981590421844
32,76.34389273484588,2434.9868840823774,5,0,0,0.15151515151515152,73.78748133582963
52,58.04197042327977,3029.827569740588,6,0,1,0.11320754716981132,57.16655791963373
62,74.84997216514768,4641.860084850244,9,0,1,0.14285714285714285,73.68031880714673
58,79.64854749854216,4579.484472197911,2,0,0,0.03389830508474576,77.61838088471035
52,74.56868884954734,3884.751744188386,2,0,1,0.03773584905660377,73.29720272053558
12,64.44194527512016,732.9004710385291,6,0,1,0.46153846153846156,56.37695931065608
39,21.46670570462638,848.4359418726822,1,0,1,0.025,21.210898546817056
2,78.7061707701151,133.49805980803316,0,1,0,0.0,44.49935326934439
3,36.844438514271964,111.63955966840628,8,0,1,2.0,27.90988991710157
56,84.25759689471896,4730.143243290238,8,1,1,0.14035087719298245,82.9849691805305
59,95.9344327922866,5733.748635123216,6,0,1,0.1,95.56247725205361
2,70.04453091307414,162.37156067975602,6,0,1,2.0,54.12385355991867
2,74.23636649797383,189.4166972882177,2,0,1,0.6666666666666666,63.13889909607257
54,115.14785596659911,6274.1366567571695,9,0,1,0.16363636363636364,114.07521194103944
1,104.71673613725741,119.39441364724075,1,1,0,0.5,59.69720682362038
19,111.42365159514699,2125.620074315809,6,1,1,0.3,106.28100371579043
2,101.37662883195864,170.7516243991308,8,1,1,2.6666666666666665,56.9172081330436
53,30.891834184673144,1633.7683138156647,0,1,0,0.0,30.254968774364162
44,34.89918559701947,1513.8715343797805,3,1,1,0.06666666666666667,33.641589652884015
32,72.66237972689595,2313.164385756939,5,0,1,0.15151515151515152,70.095890477483
70,44.60696587979982,3178.6075128717616,6,0,1,0.08450704225352113,44.76911989960227
32,67.66954750411591,2168.8641654077087,9,1,1,0.2727272727272727,65.72315652750632
68,59.43653238183502,4015.4072146332983,6,1,1,0.08695652173913043,58.1943074584536
55,74.94142384304533,4163.014315008232,9,0,1,0.16071428571428573,74.33954133943271
56,94.68757161358226,5331.162274647731,1,1,0,0.017543859649122806,93.52916271311808
17,91.54909070992744,1586.5641468467784,3,0,1,0.16666666666666666,88.1424526025988
38,72.12341324853344,2680.505797351199,4,0,1,0.10256410256410256,68.73091788079998
24,102.23934188170581,2512.204333892584,0,0,0,0.0,100.48817335570337
69,63.08620915380333,4336.1929893496135,0,1,0,0.0,61.945614133565904
70,109.67142898401224,7700.3386720646395,9,1,0,0.1267605633802817,108.45547425443154
11,27.12802700551639,374.12229077919125,2,0,1,0.16666666666666666,31.176857564932604
16,115.46600300333074,1912.1160304990103,9,0,1,0.5294117647058824,112.4774135587653
59,85.46930814313482,5013.362316680774,2,0,0,0.03333333333333333,83.55603861134622
70,58.00745089372053,4017.1860424503693,7,1,1,0.09859154929577464,56.58008510493478
3,39.715412657287736,162.05663593730105,8,0,1,2.0,40.51415898432526
20,67.91832294436,1362.62813323502,0,0,0,0.0,64.88705396357238
59,39.4558323185301,2312.867663554214,1,0,0,0.016666666666666666,38.54779439257023
36,36.63316077431422,1337.4303442834832,9,0,1,0.24324324324324326,36.146766061715766
19,81.73517574129741,1548.0819517608675,1,0,1,0.05,77.40409758804337
67,72.30847245817847,4865.70737880942,3,1,0,0.04411764705882353,71.55452027660913
19,87.00960346109417,1655.191919995351,1,0,0,0.05,82.75959599976755
20,112.96058774219892,2280.883392693823,6,1,1,0.2857142857142857,108.61349489018205
71,73.22602133390401,5172.211534033093,8,0,1,0.1111111111111111,71.83627130601518
52,78.09320532627977,4103.580537360527,6,0,0,0.11320754716981132,77.42604787472693
33,28.962633915494212,976.6956203332821,5,0,1,0.14705882352941177,28.7263417745083
40,91.76357859086295,3689.932064716625,9,1,1,0.21951219512195122,89.9983430418689
39,59.99052068041562,2306.1002087258494,0,1,0,0.0,57.65250521814623
1,117.67252386625789,168.6614963655853,9,1,1,4.5,84.33074818279265
11,102.31740155956602,1125.0799341742381,8,0,1,0.6666666666666666,93.75666118118652
57,72.24810405161183,4139.98339681477,4,0,1,0.06896551724137931,71.37902408301326
50,32.322265417216606,1606.4285369484319,4,1,1,0.0784313725490196,31.498598763694744
23,105.94157932805892,2444.482996485818,5,1,0,0.20833333333333334,101.8534581869091
31,99.97810954240217,3108.2352163780492,8,0,1,0.25,97.13235051181404
42,38.4585129537033,1530.659616095436,7,1,1,0.16279069767441862,35.59673525803339
7,49.527828922031006,364.168246193862,7,0,1,0.875,45.52103077423275
16,99.34072581478372,1648.4118568882022,7,0,1,0.4117647058823529,96.96540334636484
60,38.522844654740965,2327.5640870542165,0,0,0,0.0,38.156788312364206
2,111.77524891713773,194.81925036758332,0,0,0,0.0,64.93975012252777
1,62.45274251963619,81.9515895042528,7,0,1,3.5,40.9757947521264
48,28.703896258765866,1409.5714363259617,4,0,1,0.08163265306122448,28.76676400665228
12,101.57486435042809,1234.2723676908488,8,0,1,0.6153846153846154,94.94402828391145
69,57.35096830383876,3954.9929997719732,1,0,0,0.014285714285714285,56.49989999674248
37,72.6499194153781,2680.7825415942716,8,0,1,0.21052631578947367,70.54690898932294
32,31.230434441121915,991.984609454897,7,1,1,0.21212121212121213,30.060139680451424
9,20.25840148449824,203.25892039082055,8,0,1,0.8,20.325892039082056
19,83.79852057932976,1549.9581711554765,3,0,1,0.15,77.49790855777383
48,71.51751703337317,3421.68462277625,0,0,0,0.0,69.8302984240051
3,79.35385691231471,285.9298654272726,0,1,1,0.0,71.48246635681815
20,99.37438503805163,2036.513558758348,4,0,1,0.19047619047619047,96.9768361313499
24,84.66059134228601,1987.5097795808144,1,0,1,0.04,79.50039118323258
54,37.47734428273772,1989.8341829299284,7,0,1,0.12727272727272726,36.1788033259987
33,56.07725191105998,1842.430695679141,9,1,0,0.2647058823529412,54.18913810821003
24,110.58911047877604,2680.9163370040555,4,0,1,0.16,107.23665348016222
36,96.9944700251679,3436.9766902844544,4,0,1,0.10810810810810811,92.89126189957985
38,75.66370579367172,2873.576561112001,1,0,1,0.02564102564102564,73.6814502849231
25,45.56449978092723,1124.8871198257914,6,0,1,0.23076923076923078,43.2648892240689
18,50.206050183479505,943.4878435311881,7,1,1,0.3684210526315789,49.65725492269411
66,93.19580675856345,6100.61599184611,9,1,1,0.13432835820895522,91.05397002755387
54,105.11742608527709,5679.117227069772,0,1,0,0.0,103.25667685581404
35,87.14246695306144,3038.1780602366925,1,1,0,0.027777777777777776,84.39383500657479
61,100.95299757684418,6202.226819975814,9,0,1,0.14516129032258066,100.0359164512228
41,96.6656135200406,3981.219733712262,3,0,1,0.07142857142857142,94.79094604076815
33,34.97039679569578,1136.4486244802285,4,1,1,0.11764705882352941,33.42495954353613
68,62.3944812913302,4268.426321110326,1,0,1,0.014492753623188406,61.861251030584434
33,35.29838008285627,1153.1816771349997,0,1,0,0.0,33.9171081510294
14,43.52355848019848,639.3097100599714,8,0,1,0.5333333333333333,42.62064733733143
21,106.92596246510526,2238.332902040643,0,0,0,0.0,101.74240463821106
48,67.28919656331821,3261.521432402337,3,1,0,0.061224489795918366,66.56166188576198
20,73.53581018426608,1483.7986623391391,1,1,0,0.047619047619047616,70.65707915900663
8,37.84459652277721,400.5715046029604,3,1,1,0.3333333333333333,44.50794495588448
7,51.2271786048796,357.003370071677,7,0,1,0.875,44.625421258959626
67,43.024616842787,2894.1351972153725,7,1,1,0.10294117647058823,42.56081172375548
17,40.61861645184264,676.133737429847,8,0,1,0.4444444444444444,37.56298541276928
33,83.79607933159701,2765.3511781653447,4,0,0,0.11764705882352941,81.33385818133367
48,45.68838476457148,2111.987414674948,6,1,1,0.12244897959183673,43.101783972958124
59,83.20154860204184,4922.8588880167,2,1,0,0.03333333333333333,82.04764813361166
22,25.845461410855393,608.886377427301,9,0,1,0.391304347826087,26.473320757708738
30,34.17743935271019,1037.2220807192864,3,1,0,0.0967741935483871,33.45877679739633
38,47.45402540001254,1763.837121461155,9,0,1,0.23076923076923078,45.22659285797833
51,79.70469168956916,4040.885661586757,8,0,1,0.15384615384615385,77.70933964589918
54,87.5841245087376,4656.636959657143,9,0,1,0.16363636363636364,84.66612653922078
8,64.27169667795272,543.5412936295845,9,1,1,1.0,60.39347706995383
27,64.5790914577229,1713.4400705772307,0,0,0,0.0,61.194288234901094
27,92.45168513986181,2495.334241069902,1,1,1,0.03571428571428571,89.11908003821078
21,21.582109176558244,448.61216553790655,4,0,1,0.18181818181818182,20.391462069904843
30,54.10900244742206,1667.9018844924096,2,1,0,0.06451612903225806,53.80328659652934
28,101.87070571192328,2854.938199472824,1,0,0,0.034482758620689655,98.44614480940773
64,80.32194102133722,5164.871012968762,0,1,0,0.0,79.45955404567327
69,53.722713275542034,3723.26112893683,9,0,1,0.12857142857142856,53.18944469909757
61,110.55247923296739,6784.4835758098525,2,1,0,0.03225806451612903,109.427154448546
48,97.26227274493826,4661.415380921947,0,1,0,0.0,95.13092614126423
19,46.48954472367334,939.389809664929,0,1,1,0.0,46.969490483246446
4,84.52898375257169,278.54607031830733,0,0,0,0.0,55.70921406366146
35,79.57507281889568,2810.8517536013856,7,1,1,0.19444444444444445,78.07921537781627
64,60.11879140389827,3821.6040615895654,2,0,0,0.03076923076923077,58.793908639839465
49,56.695607920480064,2763.3023015201247,0,1,0,0.0,55.26604603040249
17,54.35604747757039,941.1352351257277,6,1,1,0.3333333333333333,52.285290840318204
44,81.71557833956467,3612.3275084362776,9,0,1,0.2,80.27394463191727
30,64.24099364806695,1945.4226498527105,2,0,1,0.06451612903225806,62.755569350087434
46,103.1863113251422,4704.985582633383,7,0,1,0.14893617021276595,100.1060762262422
6,86.96026161339618,565.2324766187543,3,0,1,0.42857142857142855,80.74749665982203
37,26.993160570943413,971.727527578076,3,1,1,0.07894736842105263,25.571777041528314
24,84.01682238281661,1993.385124480843,4,0,1,0.16,79.73540497923372
46,47.11474365001848,2186.4151100458553,5,0,1,0.10638297872340426,46.51947042650756
53,79.28119916534227,4193.301920520304,6,0,1,0.1111111111111111,77.65373926889451
60,88.01319311034514,5290.039411837583,3,0,0,0.04918032786885246,86.72195757110792
63,43.08291891540121,2649.525870771293,7,0,0,0.109375,41.39884173080145
32,65.68586448803686,2110.477397102756,5,1,1,0.15151515151515152,63.95386051826534
33,39.032486281906785,1294.6070036882904,0,0,0,0.0,38.07667657906737
67,25.23388757865083,1675.3747116366771,0,1,0,0.0,24.637863406421722
18,57.84764234858691,979.0352834816207,8,0,1,0.42105263157894735,51.52817281482214
25,56.2944271845992,1400.976431770532,9,0,1,0.34615384615384615,53.88370891425123
54,119.5480490704257,6454.47343400903,5,1,0,0.09090909090909091,117.35406243652781
58,64.63523511976422,3737.82676723641,9,0,1,0.15254237288135594,63.35299605485441
67,53.35695494722004,3519.830747530768,7,0,1,0.10294117647058823,51.76221687545247
46,78.04750067166746,3638.0270511162107,6,0,1,0.1276595744680851,77.40483087481299
24,28.876739410776846,673.8759000203131,5,0,1,0.2,26.955036000812523
32,116.16657359548132,3710.664215167715,3,0,1,0.09090909090909091,112.44437015659743
47,83.49600455910331,3852.027984641307,6,0,1,0.125,80.25058301336055
23,95.48378199408478,2243.9726463248962,8,0,1,0.3333333333333333,93.49886026353734
66,37.04779381739175,2431.1578939958335,9,0,1,0.13432835820895522,36.28593871635572
27,60.94778530052039,1648.5440876262765,9,0,1,0.32142857142857145,58.8765745580813
2,62.26891133961895,158.15994602373746,6,0,1,2.0,52.719982007912485
17,102.18064439010868,1716.7818284903487,0,0,0,0.0,95.37676824946382
33,20.123667975940943,692.9783928276474,9,0,1,0.2647058823529412,20.381717436107277
9,50.08531083532551,388.92803383969533,8,1,1,0.8,38.892803383969536
43,118.12363743443039,5095.846009407646,3,0,1,0.06818181818181818,115.81468203199196
48,67.48865435062186,3286.6226738254386,2,1,1,0.04081632653061224,67.0739321188865
39,58.25262802440083,2254.4399875350914,3,0,1,0.075,56.360999688377284
42,31.982900201764636,1376.8482570830668,3,1,0,0.06976744186046512,32.01972690890853
26,117.41646286280155,3107.845713998654,9,0,1,0.3333333333333333,115.10539681476496
50,22.002635592582447,1092.4865244875018,1,1,0,0.0196078431372549,21.421304401715723
25,93.71802250072432,2332.824713942612,0,1,0,0.0,89.72402745933124
24,96.85998047885084,2297.690719117451,9,0,1,0.36,91.90762876469803
13,44.36567160638666,561.4618262274726,0,1,1,0.0,40.104416159105185
60,87.15584436130374,5204.889864970046,7,0,1,0.11475409836065574,85.32606336016468
7,29.292914437938993,178.07706811275614,1,0,1,0.125,22.259633514094517
57,45.70472664320799,2641.1344775641965,9,1,1,0.15517241379310345,45.53680133731373
36,98.7901988292265,3532.749377093506,4,1,1,0.10810810810810811,95.47971289441908
45,106.46861920335402,4798.843521592519,3,0,1,0.06521739130434782,104.32268525201128
20,80.84864126597913,1618.1198283760698,7,0,1,0.3333333333333333,77.05332516076523
65,70.68384318204826,4639.39264371027,1,1,1,0.015151515151515152,70.29382793500409
8,35.93040206189803,272.34852953353385,9,1,1,1.0,30.260947725948206
16,26.310903307915016,432.40889432626994,8,1,1,0.47058823529411764,25.435817313309997
14,31.764902847355863,468.44073093126536,6,1,1,0.4,31.22938206208436
15,42.73573000960988,685.7284383637657,6,0,1,0.375,42.858027397735356
66,54.16745018969208,3559.5191121683197,0,1,0,0.0,53.12715092788537
32,58.090952551098724,1840.3737075731879,1,0,1,0.030303030303030304,55.76890022949054
63,54.63217685890035,3409.9737104919204,3,0,1,0.046875,53.28083922643626
51,43.905533219726564,2306.271182831502,3,0,1,0.057692307692307696,44.351368900605806
25,70.9724246751698,1815.8447900246567,2,0,1,0.07692307692307693,69.84018423171757
58,102.52861082328968,5945.393385921439,6,0,1,0.1016949152542373,100.76937942239728
63,47.97035384714792,3080.0754669041303,7,1,1,0.109375,48.126179170377036
62,114.23870191022331,7079.743616602876,1,0,0,0.015873015873015872,112.37688280322024
22,107.33366617238478,2383.072969935471,3,0,1,0.13043478260869565,103.61186825806396
58,36.17642113521096,2098.5375828939173,2,1,1,0.03389830508474576,35.56843360837148
58,98.62759567570944,5732.334712743662,1,0,0,0.01694915254237288,97.15821547023155
49,77.45873823177666,3804.231016633063,5,0,0,0.1,76.08462033266126
52,76.65753621714185,3973.4423220900767,3,0,1,0.05660377358490566,74.97060985075616
42,59.10427630581744,2515.1545609868936,5,1,1,0.11627906976744186,58.49196653457892
70,70.11529991820098,4929.549566804586,1,0,0,0.014084507042253521,69.43027558879699
15,59.717877742921104,926.5990039488609,3,0,1,0.1875,57.9124377468038
54,73.97326187599428,4004.1629568686717,5,0,1,0.09090909090909091,72.80296285215766
60,82.79500527726358,4940.5032201825015,4,0,1,0.06557377049180328,80.9918560685656
8,87.43038064090484,750.7246271239699,2,0,0,0.2222222222222222,83.41384745821887
53,73.24811925594261,3874.2736335579357,7,0,1,0.12962962962962962,71.74580802885066
60,92.14220673287318,5539.4544148294435,6,0,1,0.09836065573770492,90.81072811195808
5,34.12780492755058,189.70046540242097,2,1,0,0.3333333333333333,31.616744233736828
68,41.198249090223854,2812.203589621751,5,0,1,0.07246376811594203,40.75657376263407
6,101.87350040742702,638.7035130814703,3,0,1,0.42857142857142855,91.24335901163862
47,52.252797784641515,2488.0828335476463,4,0,1,0.08333333333333333,51.83505903224263
55,22.289382497612024,1219.171032277244,4,0,1,0.07142857142857142,21.770911290665072
40,35.37911496680311,1463.9286189307938,6,1,1,0.14634146341463414,35.705576071482774
52,42.361443449631125,2194.7879527559808,4,0,1,0.07547169811320754,41.411093448226055
16,115.73228878945872,1861.8190920977631,2,0,1,0.11764705882352941,109.51877012339783
13,77.30414289308493,993.323512101977,9,1,1,0.6428571428571429,70.9516794358555
30,113.27307404762549,3377.988015749241,4,0,0,0.12903225806451613,108.96735534674971
19,77.5163350496625,1504.1360986073137,6,0,1,0.3,75.20680493036568
17,67.93544401378517,1248.5594551571294,4,0,1,0.2222222222222222,69.36441417539608
63,51.372769119409604,3225.6316578731958,4,0,1,0.0625,50.400494654268684
19,80.63709444333756,1568.564441663756,8,0,1,0.4,78.4282220831878
58,33.91980246175298,1957.5712034006672,2,0,0,0.03389830508474576,33.179172938994355
55,109.82616272927059,6040.124400804202,5,0,1,0.08928571428571429,107.85936430007504
62,102.93324051412837,6434.588425042909,0,1,0,0.0,102.1363242070303
23,51.753144787673705,1158.116271564236,9,0,1,0.375,48.25484464850984
9,115.27975276012943,997.3730027824711,4,0,1,0.4,99.7373002782471
12,102.5200767415568,1227.624961435787,7,0,1,0.5384615384615384,94.4326893412144
1,86.63068858350397,106.5403694216342,4,0,1,2.0,53.2701847108171
58,32.176191112527476,1880.1290816770202,8,0,1,0.13559322033898305,31.86659460469526
1,67.82340230480722,78.6437775755971,5,1,0,2.5,39.32188878779855
34,70.61075548467508,2401.7896459243,7,1,1,0.2,68.62256131212287
48,43.25513583653801,2099.842720963342,9,1,1,0.1836734693877551,42.85393308088453
1,27.996539435930195,-59.41363382541898,7,1,1,3.5,-29.70681691270949
16,97.67236304716927,1540.2336496020762,2,0,1,0.11764705882352941,90.60197938835742
61,32.2035052124395,1961.6054456803063,6,0,1,0.0967741935483871,31.638797510972683
64,79.42907505617748,5104.596847568434,6,0,0,0.09230769230769231,78.53225919336052
63,113.64491738836605,7204.322749669119,9,0,1,0.140625,112.56754296357998
69,107.61051925980425,7398.5728376814795,5,1,0,0.07142857142857142,105.69389768116399
22,47.775262374926115,1094.7681310144715,6,0,1,0.2608695652173913,47.598614391933545
67,105.14486375512654,7031.129021517438,1,1,0,0.014705882352941176,103.39895619878585
26,20.033250612048942,516.9672224238519,8,0,1,0.2962962962962963,19.146934163846367
16,21.76878096132572,365.74347094513996,9,1,1,0.5294117647058824,21.51432182030235
51,80.25531638428649,4086.9240532194076,9,1,1,0.17307692307692307,78.59469333114245
57,56.47982191445295,3252.6533773238075,0,1,0,0.0,56.08023064351392
29,58.64608411591471,1688.5983150081324,0,1,0,0.0,56.28661050027108
69,76.44410906788825,5262.957475945879,2,0,1,0.02857142857142857,75.18510679922684
47,39.17824555918606,1872.9369399080247,2,1,0,0.041666666666666664,39.01951958141718
62,41.17553506654784,2529.9894424779363,0,1,0,0.0,40.15856257901486
69,68.46015870188647,4731.218823289666,6,1,0,0.08571428571428572,67.58884033270951
16,95.4253544343863,1476.991190919366,3,1,0,0.17647058823529413,86.88183475996271
48,81.94977514075876,3988.1783873182562,9,1,1,0.1836734693877551,81.39139565955625
39,49.73550482368389,1975.881246210775,1,1,0,0.025,49.397031155269374
33,63.03371775089212,2162.615901766863,9,0,1,0.2647058823529412,63.60635005196656
23,37.06647585499984,892.6798566083878,4,1,1,0.16666666666666666,37.194994025349494
10,27.462981433708173,240.74030744906727,5,0,1,0.45454545454545453,21.885482495369754
69,98.26960407441493,6800.662176939448,8,0,1,0.11428571428571428,97.15231681342068
34,46.53874091881946,1554.7769283732075,3,0,1,0.08571428571428572,44.42219795352022
52,37.77663878512482,2011.7263420380834,1,0,1,0.018867924528301886,37.957100793171385
10,89.16180555693194,858.5838469299922,4,0,1,0.36363636363636365,78.05307699363566
19,81.80516742871859,1519.8235346184592,2,0,0,0.1,75.99117673092296
58,83.31896260134641,4784.2054872671915,1,0,0,0.01694915254237288,81.08822859774901
1,42.88946048466136,28.23806584677132,0,0,1,0.0,14.11903292338566
69,43.2645538562681,2964.569881338992,9,0,1,0.12857142857142856,42.35099830484275
4,42.080262978563916,130.4715787390777,1,1,1,0.2,26.09431574781554
16,37.37525956622945,657.6984261869769,5,1,0,0.29411764705882354,38.688142716880996
24,85.57236725616563,2069.6332350395746,7,1,1,0.28,82.78532940158298
2,104.80158852494014,221.97021324558165,2,1,0,0.6666666666666666,73.99007108186055
32,92.43174696766613,3005.4908355427538,8,1,1,0.24242424242424243,91.07547986493194
24,99.20936337605433,2388.712454786592,8,0,1,0.32,95.54849819146368
12,60.479842908519984,703.2977088570857,1,1,0,0.07692307692307693,54.09982375823736
50,85.40757953719981,4219.372684584461,7,1,1,0.13725490196078433,82.73279773695022
35,55.42362404447745,1915.6751197864085,9,0,1,0.25,53.213197771844676
33,72.550462196864,2439.327720511766,4,0,1,0.11764705882352941,71.74493295622841
33,68.16348465348624,2211.734910094461,3,1,0,0.08823529411764706,65.05102676748415
61,37.68871451438544,2309.605402517448,9,0,1,0.14516129032258066,37.251700040604
51,58.70787603356308,3025.1194320042837,4,1,0,0.07692307692307693,58.17537369239007
43,116.3822275482351,5012.996129787406,3,0,1,0.06818181818181818,113.93173022244105
12,44.85802577149421,550.265809121648,7,0,1,0.5384615384615384,42.32813916320369
67,33.38037362794887,2256.1531504587774,3,0,0,0.04411764705882353,33.17872280086437
65,61.85806216239353,4032.152466710259,9,0,1,0.13636363636363635,61.09321919257968
33,99.03377358601482,3316.3867535126874,5,0,1,0.14705882352941177,97.54078686802022
40,78.21482297799723,3097.384167273061,1,1,0,0.024390243902439025,75.54595529934295
43,88.09748272382446,3795.404503429615,4,1,1,0.09090909090909091,86.25919325976398
44,38.969484817467716,1660.110118948665,5,1,1,0.1111111111111111,36.891335976637
29,81.89481930077216,2312.7373741067963,4,0,1,0.13333333333333333,77.09124580355987
13,52.35003949114738,678.1003824593564,1,1,0,0.07142857142857142,48.435741604239745
12,103.43033659547675,1257.4654262140634,6,0,1,0.46153846153846156,96.72810970877411
46,82.92988060107362,3863.6945409665136,3,0,1,0.06382978723404255,82.20626682907476
2,39.88562777752959,152.3650075453731,7,0,1,2.3333333333333335,50.7883358484577
35,26.461667984408614,965.7541995742658,6,0,1,0.16666666666666666,26.826505543729606
8,24.263320928703273,215.92153976156703,6,0,1,0.6666666666666666,23.99128219572967
26,57.14085676501407,1490.4612215635805,8,0,1,0.2962962962962963,55.202267465317796
34,46.58511366543135,1537.9570227291645,0,1,0,0.0,43.94162922083327
7,84.60901234625081,587.8819882515018,9,1,1,1.125,73.48524853143772
68,69.93338349786183,4794.181380392351,5,0,1,0.07246376811594203,69.48088957090363
58,46.60192780053807,2729.860268112049,5,0,1,0.0847457627118644,46.26881810359406
29,34.923777795017614,974.1995316550224,5,0,1,0.16666666666666666,32.47331772183408
36,32.71997626874496,1196.339915092573,5,0,1,0.13513513513513514,32.333511218718186
21,106.46603921404177,2251.638607850909,9,1,1,0.4090909090909091,102.34720944776859
36,44.34779684048672,1607.017389860964,6,0,1,0.16216216216216217,43.4329024286747
10,85.17106479109684,850.8749812496484,9,1,1,0.8181818181818182,77.3522710226953
24,101.06859279862663,2445.6137461753647,5,1,1,0.2,97.82454984701458
64,81.4081311184736,5231.039782749683,0,0,0,0.0,80.47753511922589
49,105.95652316469457,5172.625872107092,2,1,0,0.04,103.45251744214184
36,59.23937215284745,2146.267819343971,1,0,0,0.02702702702702703,58.00723836064787
24,115.62221906489484,2769.25140333506,5,0,1,0.2,110.77005613340239
23,33.3145004178097,721.6164935772358,7,0,1,0.2916666666666667,30.067353899051493
62,30.21495296575381,1856.4788728255912,2,0,0,0.031746031746031744,29.467918616279224
37,85.86921462074436,3130.2502504071786,9,0,1,0.23684210526315788,82.37500658966259
12,114.28311414132618,1400.8001757480174,7,0,1,0.5384615384615384,107.75385967292442
55,100.8883461636328,5559.535720326434,7,1,0,0.125,99.27742357725775
13,27.641685943805143,348.67719893328854,4,1,1,0.2857142857142857,24.90551420952061
23,47.93677139347164,1145.161382348507,7,1,1,0.2916666666666667,47.71505759785446
30,113.03188848378237,3392.996381740906,5,0,1,0.16129032258064516,109.45149618519052
17,45.305843280078456,727.2626530823275,4,1,0,0.2222222222222222,40.40348072679597
62,98.11704237869192,6070.072271273384,8,1,1,0.12698412698412698,96.35035351227594
13,102.51321959287039,1381.657480325514,6,1,1,0.42857142857142855,98.68982002325099
59,69.54521034609817,4083.0831416671176,7,1,0,0.11666666666666667,68.05138569445197
19,58.63489098483155,1122.3195673745345,0,1,0,0.0,56.11597836872672
49,65.01244324197597,3207.926017592262,1,0,0,0.02,64.15852035184524
12,42.69646943653642,530.0560877750853,7,1,1,0.5384615384615384,40.7735452134681
61,108.93909161288443,6718.768382354693,8,0,1,0.12903225806451613,108.3672319734628
19,65.06196567297579,1200.8882500788418,3,1,1,0.15,60.04441250394209
9,108.24594404560997,941.9196039945057,9,0,1,0.9,94.19196039945056
71,30.56934799062741,2135.6310739214823,9,0,1,0.125,29.661542693353923
28,118.82752710001313,3318.2932061698607,8,0,1,0.27586206896551724,114.42390366102968
52,64.32730874436183,3378.001376352289,3,1,0,0.05660377358490566,63.735875025514886
16,24.783082039410544,365.57727523667336,9,0,1,0.5294117647058824,21.504545602157258
69,23.802184823745492,1675.7515680167571,9,0,1,0.12857142857142856,23.9393081145251
12,94.62072574818386,1136.5025090760385,9,1,1,0.6923076923076923,87.42326992892603
25,85.90355342036808,2114.318934712874,8,1,1,0.3076923076923077,81.31995902741824
52,100.21305581275875,5158.53780356642,6,0,1,0.11320754716981132,97.33090195408339
53,30.536753395280595,1572.6208151355916,1,0,1,0.018518518518518517,29.12260768769614
23,23.557086703554834,521.8373919347434,8,1,1,0.3333333333333333,21.743224663947643
16,70.85792894475784,1128.6523278438258,3,1,1,0.17647058823529413,66.39131340257799
57,58.759523148276955,3389.6747087536996,7,0,1,0.1206896551724138,58.44266739230517
39,66.19469366709558,2605.5656993823745,6,1,1,0.15,65.13914248455936
53,119.1588408870274,6290.250329450043,6,0,1,0.1111111111111111,116.48611721203783
42,117.07499576706702,4929.40978071798,7,1,1,0.16279069767441862,114.63743676088325
58,114.23153896731928,6674.975648180285,0,1,0,0.0,113.13518047763195
39,98.38426767676738,3893.203962024829,4,0,0,0.1,97.33009905062072
14,55.48413602568904,767.3457240130386,1,0,1,0.06666666666666667,51.156381600869246
5,61.21309302627716,334.81411802253587,1,1,0,0.16666666666666666,55.802353003755975
35,74.96160437189245,2665.3548140228704,0,1,0,0.0,74.0376337228575
18,103.05344564048399,1809.7498638333602,4,0,1,0.21052631578947367,95.24999283333474
9,26.871283251826775,226.46933665165008,1,1,1,0.1,22.646933665165008
58,62.429688588488816,3687.522500165049,3,1,0,0.05084745762711865,62.50038135872965
17,28.26176634592687,471.41894457712965,2,0,1,0.1111111111111111,26.18994136539609
7,71.46575865735116,412.3917696604252,2,1,1,0.25,51.54897120755315
46,109.89008240062354,5051.314936117082,1,0,0,0.02127659574468085,107.47478587483153
13,98.24849245639379,1310.969166906595,5,1,1,0.35714285714285715,93.6406547790425
40,42.784241754311,1711.5649832764666,1,0,1,0.024390243902439025,41.74548739698699
42,117.59908495987925,4960.622486718948,7,0,1,0.16279069767441862,115.36331364462669
9,86.73503980464284,808.7620181714575,7,0,1,0.7,80.87620181714576
50,21.042769939740307,1041.4903734440468,4,1,1,0.0784313725490196,20.421379871451897
27,45.54134846852195,1214.0346190576615,9,1,1,0.32142857142857145,43.35837925205934
66,46.071329991991654,3045.3110087500772,6,1,0,0.08955223880597014,45.452403115672794
5,26.925430628585993,139.9605208308264,3,1,1,0.5,23.3267534718044
29,115.9826518075929,3365.1192070156035,0,0,0,0.0,112.17064023385345
37,67.82552945759238,2512.399285611392,1,1,0,0.02631578947368421,66.115770673984
38,109.5814597371882,4141.63908597453,9,0,1,0.23076923076923078,106.19587399934692
8,52.221550344462834,440.28101005813113,9,1,1,1.0,48.92011222868123
65,32.523357043282715,2131.995166226766,3,0,1,0.045454545454545456,32.302957064041905
17,67.43361099062139,1106.2911358415,0,1,0,0.0,61.460618657861104
71,31.395663471431718,2217.417236959073,7,1,1,0.09722222222222222,30.797461624431566
45,68.60155029775399,3089.862159575113,8,1,1,0.17391304347826086,67.17091651250246
4,112.02971812194077,432.08948241947786,3,0,1,0.6,86.41789648389557
36,72.07681418342128,2613.8864699307996,9,0,1,0.24324324324324326,70.6455802684
70,81.64997268950835,5713.49161211187,2,0,0,0.028169014084507043,80.47171284664606
31,35.66384369738083,1110.6513305024612,1,1,0,0.03125,34.70785407820191
19,24.37356258799695,451.07640994744986,4,0,1,0.2,22.55382049737249
61,31.080796217980705,1836.1320045945047,2,1,0,0.03225806451612903,29.61503233216943
54,79.85315756843656,4250.5600590487,9,0,1,0.16363636363636364,77.28291016452182
39,29.501169899230465,1168.233912470749,6,0,1,0.15,29.205847811768724
19,57.59928899413114,1102.3938531831734,5,1,0,0.25,55.11969265915867
39,75.0091940458156,2938.5184339773414,0,0,0,0.0,73.46296084943353
67,58.8652798629847,3948.0079360818627,7,1,1,0.10294117647058823,58.05894023649798
45,36.36838014653015,1643.0141286950623,1,1,1,0.021739130434782608,35.71769844989266
13,47.379130751410656,644.9994009769022,4,0,1,0.2857142857142857,46.07138578406444
58,112.8317532848577,6557.580271693789,8,0,1,0.13559322033898305,111.14542833379303
20,87.59822755863554,1783.1918316818942,7,0,1,0.3333333333333333,84.91389674675686
61,69.60478386798866,4251.035671184106,1,0,1,0.016129032258064516,68.56509147071138
39,21.271488998689353,820.5766187332916,8,1,1,0.2,20.51441546833229
1,119.24154004894702,125.06762591363439,4,0,1,2.0,62.533812956817194
3,87.14549348946433,236.35114402377405,9,0,1,2.25,59.087786005943514
62,51.692247734494494,3193.5239516713013,5,0,1,0.07936507936507936,50.690856375734946
63,107.92686599978381,6804.719697245581,2,0,0,0.03125,106.32374526946221
25,45.84316202918181,1151.0086006865756,2,0,1,0.07692307692307693,44.26956156486829
56,74.40165791827516,4163.300277023319,9,1,1,0.15789473684210525,73.0403557372512
33,83.6070763729825,2717.3879790031965,7,1,1,0.20588235294117646,79.92317585303519
38,42.10633714537285,1619.1330979167897,9,1,1,0.23076923076923078,41.516233279917685
6,117.83972788005958,732.065219478344,9,1,1,1.2857142857142858,104.58074563976344
58,94.81919059789975,5548.823769535753,1,0,1,0.01694915254237288,94.04786050060598
44,75.781322551107,3347.6314721463696,1,1,0,0.022222222222222223,74.39181049214154
45,38.05945981753008,1712.7195468145983,4,0,0,0.08695652173913043,37.233033626404314
32,25.385820699802615,781.9553771053792,5,0,1,0.15151515151515152,23.695617488041794
45,52.005983252098346,2385.029782425257,1,0,1,0.021739130434782608,51.848473530983846
61,95.31873359134028,5821.877738377978,4,0,1,0.06451612903225806,93.90125384480609
47,46.9331298302025,2211.6582972342812,6,1,1,0.125,46.07621452571419
21,73.95562204955051,1545.4463770951952,9,0,1,0.4090909090909091,70.24756259523615
36,92.79471767307432,3331.0707492376296,9,1,1,0.24324324324324326,90.02893916858459
19,30.794371464646435,605.7410598498076,7,0,1,0.35,30.28705299249038
20,88.52980161158733,1739.9528135519888,6,0,1,0.2857142857142857,82.85489588342804
57,29.18708877100447,1712.427015722018,7,1,1,0.1206896551724138,29.524603719345137
18,116.51297421269966,2139.459329554745,8,0,1,0.42105263157894735,112.60312260814449
47,68.83941300649396,3224.830564899203,4,0,0,0.08333333333333333,67.18397010206674
49,35.06761077098774,1692.3969908022082,4,0,1,0.08,33.84793981604416
14,54.23836360335465,698.8809107963027,9,1,1,0.6,46.59206071975351
15,61.34164492952615,882.5822577683654,3,1,1,0.1875,55.161391110522835
31,95.81850110765373,2992.270879123752,8,0,1,0.25,93.50846497261725
1,94.34237860766093,103.80263437468055,4,1,0,2.0,51.901317187340275
54,81.1940505337331,4399.2883357807705,1,1,0,0.01818181818181818,79.98706065055946
3,30.593071255849296,36.41182470782304,9,1,1,2.25,9.10295617695576
16,35.15693715876736,550.6365259371979,7,1,1,0.4117647058823529,32.3903838786587
57,29.375692064555665,1715.4326318681353,6,0,1,0.10344827586206896,29.576424687381643
12,77.71727832875501,929.7265177854796,7,1,1,0.5384615384615384,71.5174244450369
16,107.71384415114039,1685.2526643795268,2,0,1,0.11764705882352941,99.13250966938392
24,63.38005122547718,1517.7731594861652,3,0,0,0.12,60.71092637944661
28,36.08481739577462,987.2443645307319,4,1,0,0.13793103448275862,34.042909121749375
8,75.80423251489671,616.4442319175356,5,1,0,0.5555555555555556,68.49380354639284
36,101.17522168657099,3642.924342083187,0,0,0,0.0,98.45741465089695
8,94.171206151293,769.6685491328128,3,0,1,0.3333333333333333,85.51872768142364
58,108.14507796750213,6235.87681331217,9,1,1,0.15254237288135594,105.69282734427408
60,47.79020972488678,2853.9510864332537,4,0,1,0.06557377049180328,46.7860833841517
50,39.39538672677749,2002.4823665808476,6,0,1,0.11764705882352941,39.26436012903623
28,107.98164859419387,2982.8577590043637,4,0,1,0.13793103448275862,102.85716410359875
41,85.75603127780231,3485.9039219086953,0,0,0,0.0,82.99771242639751
64,51.09289300075542,3275.9240713481086,6,1,0,0.09230769230769231,50.39883186689398
27,94.23480505725092,2552.9416317182886,7,0,1,0.25,91.17648684708173
63,101.51183844803678,6380.580326944035,6,1,0,0.09375,99.69656760850054
17,81.49782403411324,1377.1100221007594,3,0,0,0.16666666666666666,76.50611233893108
33,88.78841098799151,2946.014329450389,7,1,1,0.20588235294117646,86.64748027795262
29,57.52599044426663,1693.7427729365284,4,1,0,0.13333333333333333,56.458092431217615
13,73.8695667343039,928.227717587258,9,1,1,0.6428571428571429,66.30197982766128
46,72.41591707261622,3342.061770959185,8,1,1,0.1702127659574468,71.10769725445076
35,104.80477911307719,3713.5277489578734,9,1,0,0.25,103.15354858216315
6,103.99639802821825,620.5016263284755,4,0,1,0.5714285714285714,88.6430894754965
69,103.26804693470432,7093.100063880943,0,1,0,0.0,101.3300009125849
47,21.10316142624658,958.0658297687727,8,1,1,0.16666666666666666,19.959704786849432
25,94.95454844688882,2369.041587932865,4,0,1,0.15384615384615385,91.11698415126403
66,95.86763901110048,6358.33959387866,5,0,1,0.07462686567164178,94.90059095341283
10,87.83788228551418,877.1561473597432,3,1,0,0.2727272727272727,79.74146794179484
56,95.62646578914526,5360.759043589312,5,1,1,0.08771929824561403,94.0484042734967
30,104.19703714967088,3096.020864024912,7,0,1,0.22580645161290322,99.87164077499716
5,67.03190541017857,364.65305604018926,2,0,1,0.3333333333333333,60.77550934003154
33,70.20502134884472,2282.395947376915,4,1,1,0.11764705882352941,67.12929256990927
65,32.47140569113905,2095.506475395889,1,0,1,0.015151515151515152,31.750098112058925
18,58.53758830473618,1072.5740353466401,1,1,0,0.05263157894736842,56.451265018244214
49,84.33651799117843,4071.3064366181443,6,1,1,0.12,81.42612873236288
11,98.03997761472745,1083.658588252573,9,1,1,0.75,90.30488235438109
26,41.72090976912105,1053.5714470053938,9,0,1,0.3333333333333333,39.02116470390347
63,33.78228991592354,2128.780746670456,9,1,1,0.140625,33.26219916672588
59,86.30420045004922,5081.386158321546,5,1,0,0.08333333333333333,84.68976930535909
27,20.187988352491065,608.2507302777134,3,1,0,0.10714285714285714,21.72324036706119
49,37.83725843073299,1842.2320274299193,4,0,1,0.08,36.844640548598385
33,22.907138034395373,811.2150963215477,0,0,1,0.0,23.859267538869048
1,36.688511785487094,54.29708052098834,6,1,1,3.0,27.14854026049417
21,38.13192799255052,776.7267187216692,7,0,1,0.3181818181818182,35.30575994189405
55,58.76735947503942,3242.1290988849605,8,0,1,0.14285714285714285,57.89516248008858
6,60.2327124686556,352.26398242179926,7,0,1,1.0,50.323426060257034
69,107.42624706102377,7419.675771932877,4,1,0,0.05714285714285714,105.99536817046967
5,71.01097124988252,333.6381266264146,2,0,1,0.3333333333333333,55.60635443773577
3,92.34047656122863,327.72675868406463,9,0,1,2.25,81.93168967101616
53,30.413735792028746,1639.6899397014251,8,0,1,0.14814814814814814,30.364628512989356
23,42.543875546369385,979.4625846113436,5,1,0,0.20833333333333334,40.81094102547265
53,90.29434409786768,4837.473680229074,4,0,1,0.07407407407407407,89.58284593016803
37,25.280396046852808,937.6030310560393,2,0,1,0.05263157894736842,24.67376397515893
17,68.65976622437532,1200.1447747602153,5,0,1,0.2777777777777778,66.67470970890085
1,79.93689656629338,81.08591419196611,2,1,0,1.0,40.542957095983056
51,80.2145644052481,4102.75941251197,9,0,1,0.17307692307692307,78.89921947138404
45,22.293281126804203,1000.7544872779058,5,0,1,0.10869565217391304,21.755532332128386
4,52.21080042291855,211.7022423078923,3,0,1,0.6,42.34044846157846
62,83.6490651049154,5191.357992316394,1,1,0,0.015873015873015872,82.40250781454594
65,34.89997361492435,2248.406329995431,7,1,1,0.10606060606060606,34.06676257568835
32,89.54156483280532,2853.2980146420778,3,1,0,0.09090909090909091,86.46357620127509
34,94.59252088136745,3209.643059471908,8,1,0,0.22857142857142856,91.7040874134831
39,118.19691904461453,4616.571173244036,6,0,1,0.15,115.4142793311009
26,40.98419948564094,1064.6718160415605,1,1,0,0.037037037037037035,39.43228948302076
34,102.51306676661152,3520.635246079563,3,0,1,0.08571428571428572,100.58957845941609
54,72.0296576918654,3915.0150649301204,4,0,0,0.07272727272727272,71.18209208963856
3,57.34625961441734,166.14895216249087,2,0,1,0.5,41.53723804062272
50,32.23767573251779,1653.3373035494478,8,0,1,0.1568627450980392,32.41837850096957
12,93.55056064875376,1178.7973464923089,4,1,1,0.3076923076923077,90.67671896094683
65,43.58575991436871,2771.7596055863028,1,0,0,0.015151515151515152,41.99635766039853
54,57.142200187304574,3113.6475126664354,2,1,0,0.03636363636363636,56.61177295757155
5,26.254222689736842,110.48158752873925,8,0,1,1.3333333333333333,18.413597921456542
57,100.13669158195191,5731.8138608109575,6,0,1,0.10344827586206896,98.82437691053374
17,96.65885239716434,1680.3476289711866,1,1,0,0.05555555555555555,93.35264605395481
47,93.36158300423125,4361.684623363552,8,1,1,0.16666666666666666,90.86842965340735
23,49.94435104918867,1093.1502611608664,3,1,0,0.125,45.54792754836944
14,37.34800742659573,547.9351266188162,8,0,1,0.5333333333333333,36.52900844125441
66,83.75532644702298,5531.913619978025,1,0,0,0.014925373134328358,82.56587492504515
51,69.61663841132194,3500.3953963603403,9,1,1,0.17307692307692307,67.3152960838527
38,37.825246690464155,1513.2463094015225,3,1,1,0.07692307692307693,38.801187420551855
64,88.59112710498637,5688.564717086824,4,0,1,0.06153846153846154,87.51638026287422
38,119.11264318213037,4546.383442124708,1,1,0,0.02564102564102564,116.57393441345405
50,94.72195877420377,4777.072471287051,9,1,1,0.17647058823529413,93.66808767229512
30,93.99863866856118,2802.5344414714405,0,1,0,0.0,90.40433682165937
51,115.03127529305917,5870.508663308678,6,1,1,0.11538461538461539,112.89439737132072
63,40.29363675749022,2498.919458308491,9,1,1,0.140625,39.04561653607017
52,76.55499649214404,3962.621364172935,0,0,0,0.0,74.76644083345161
38,117.96467150338835,4494.227317142834,7,0,1,0.1794871794871795,115.23659787545729
30,36.52941109701746,1045.9237928965501,2,1,1,0.06451612903225806,33.739477190211296
51,90.02519594445211,4572.196306796714,9,0,1,0.17307692307692307,87.92685205378297
5,78.5810145971902,365.06705418781945,5,0,1,0.8333333333333334,60.84450903130324
29,78.6479092188707,2285.05213471586,6,0,1,0.2,76.16840449052867
4,89.76706275200752,376.3092888579905,9,0,1,1.8,75.2618577715981
10,112.96169228756843,1151.881507006978,0,1,0,0.0,104.71650063699799
56,98.2581939851338,5532.423362510837,5,1,0,0.08771929824561403,97.0600589914182
17,25.613610341621,476.59488120472815,6,0,1,0.3333333333333333,26.477493400262674
17,105.27280198757113,1807.8549973992112,5,0,1,0.2777777777777778,100.43638874440063
69,42.55413299257326,2992.8552534543874,3,1,0,0.04285714285714286,42.75507504934839
34,57.6914164736372,1965.0932357416052,0,1,1,0.0,56.14552102118872
6,66.17328136123822,391.8400535399129,8,1,1,1.1428571428571428,55.97715050570184
53,68.09060007530697,3627.0210248920703,3,0,0,0.05555555555555555,67.16705601651982
66,63.51803992553568,4185.698299835577,6,0,1,0.08955223880597014,62.473108952769806
43,113.73532942158644,4946.196106991469,6,0,1,0.13636363636363635,112.41354788616974
23,90.60190076640247,2117.773221821313,1,1,0,0.041666666666666664,88.24055090922138
55,83.11706459567063,4593.94689708787,0,1,0,0.0,82.03476601942624
16,24.984202778294154,403.689824773947,7,1,1,0.4117647058823529,23.74646028082041
8,110.39133302603747,870.9063490658539,7,0,1,0.7777777777777778,96.76737211842821
4,110.93901920083962,464.7958269403913,6,1,1,1.2,92.95916538807826
4,98.02130634301024,358.2723018166322,7,1,1,1.4,71.65446036332644
56,20.702920381361917,1205.3944473594981,2,0,1,0.03508771929824561,21.147271006306983
25,25.728025107762335,637.8715265324971,1,0,1,0.038461538461538464,24.53352025124989
67,42.52237022684898,2858.1520071961036,6,0,1,0.08823529411764706,42.03164716464858
67,33.13494081449067,2192.753002285076,7,0,1,0.10294117647058823,32.246367680662885
27,59.88360297037295,1638.5468680936463,0,0,0,0.0,58.51953100334451
32,112.26230580877896,3578.781537495777,9,0,1,0.2727272727272727,108.4479253786599
50,67.20604341969982,3379.7790346941442,8,0,1,0.1568627450980392,66.27017715086558
61,21.340262643216562,1324.477825305532,3,0,1,0.04838709677419355,21.362545569444062
51,48.2745689578762,2442.5740534440297,3,0,1,0.057692307692307696,46.97257795084673
19,24.459490837296155,431.02445228120706,2,1,0,0.1,21.551222614060354
21,23.628762261350214,542.1610049846909,5,0,1,0.22727272727272727,24.643682044758677
5,47.571985309555224,232.09095552690366,0,1,0,0.0,38.68182592115061
42,47.56123386789454,2004.31728693294,5,0,1,0.11627906976744186,46.612029928673024
61,98.7126602601604,6036.0362116091865,1,1,0,0.016129032258064516,97.3554227678901
22,117.4834652781112,2547.0252322215,8,0,1,0.34782608695652173,110.7402274878913
21,57.12070938899983,1213.414881273593,1,1,1,0.045454545454545456,55.15522187607241
70,62.88868788610386,4405.181948111909,6,0,1,0.08450704225352113,62.044816170590266
1,104.47894362860214,85.1730226974704,0,1,0,0.0,42.5865113487352
5,46.81390200955134,199.3734305026248,6,0,1,1.0,33.228905083770805
12,35.6381804403448,445.8347317228557,4,1,1,0.3076923076923077,34.29497936329659
46,105.30896234036504,4878.043627902639,7,0,1,0.14893617021276595,103.78816229580083
34,24.65005864400655,843.4597094180068,3,0,1,0.08571428571428572,24.09884884051448
49,81.96994401994158,3973.493296721647,9,0,1,0.18,79.46986593443293
45,76.19928474668068,3397.2478290853887,6,1,1,0.13043478260869565,73.85321367576933
27,54.59204475016943,1461.021496974853,5,1,1,0.17857142857142858,52.17933917767333
26,51.5189521097359,1386.4313470879558,4,1,1,0.14814814814814814,51.34930915140577
47,97.18577261816213,4560.328793190654,3,0,0,0.0625,95.00684985813864
56,28.642461076254648,1589.9207525863144,6,0,1,0.10526315789473684,27.893346536602007
63,43.678430931138536,2701.5366046714444,4,1,0,0.0625,42.21150944799132
48,93.24487318380898,4456.053369119528,4,0,0,0.08163265306122448,90.93986467590874
61,74.83205837264242,4527.767470111463,0,1,0,0.0,73.02850758244296
26,32.798820853358635,822.6739472596405,1,1,0,0.037037037037037035,30.46940545406076
36,108.213561428206,3899.286731820179,4,1,0,0.10810810810810811,105.38612788703186
1,59.34478465635915,47.309858488023835,2,0,1,1.0,23.654929244011917
8,102.78683753221728,873.2795338378786,1,0,1,0.1111111111111111,97.03105931531985
52,98.77130155277086,5168.447781925309,3,0,1,0.05660377358490566,97.51788267783601
47,82.44254464717281,3856.533080282812,3,1,0,0.0625,80.34443917255858
56,69.4481131295093,3861.589800000305,3,0,0,0.05263157894736842,67.74718947368956
14,117.95508403817568,1692.8504346043856,3,0,1,0.2,112.85669564029237
28,34.4965072379817,1015.7034773479922,2,0,1,0.06896551724137931,35.02425783958594
2,92.51557275511148,119.20369820385699,6,0,1,2.0,39.73456606795233
26,39.119070146478904,1019.8815525276026,8,1,1,0.2962962962962963,37.77339083435565
14,53.82631053323484,746.0119982283859,4,1,1,0.26666666666666666,49.734133215225725
59,50.86987433731953,3020.79619010365,3,0,1,0.05,50.34660316839417
56,114.7035987738723,6481.681575061694,1,0,0,0.017543859649122806,113.71371184318762
7,116.73561777882752,802.6276138719587,1,1,0,0.125,100.32845173399484
3,38.30154442347272,53.08367783050074,4,0,1,1.0,13.270919457625185
23,22.203516029750418,528.0510996887375,6,1,1,0.25,22.002129153697396
18,92.00080396631131,1697.7133934517296,9,1,1,0.47368421052631576,89.35333649745945
38,61.798993387048434,2339.2489552622474,9,0,1,0.23076923076923078,59.980742442621725
15,28.88402450875644,412.10924322715675,8,0,1,0.5,25.756827701697297
64,88.37541055770426,5642.908493531741,6,1,0,0.09230769230769231,86.81397682356526
28,74.51055282606997,2111.801640143896,4,0,1,0.13793103448275862,72.82074621185848
39,118.0516822001106,4590.381777565764,9,0,1,0.225,114.75954443914411
57,42.740949586137894,2446.096935420145,9,0,1,0.15517241379310345,42.17408509345078
17,60.397787632654826,1027.5964772273303,9,0,1,0.5,57.08869317929613
44,74.25458033954229,3264.9401465671776,5,1,1,0.1111111111111111,72.55422547927061
25,99.16999884533517,2500.2887409359464,2,1,0,0.07692307692307693,96.16495157445948
17,74.88386567200587,1258.6683194281738,4,1,0,0.2222222222222222,69.92601774600966
13,81.29001608619492,1043.8526123150657,7,0,1,0.5,74.56090087964755
25,42.61470515899407,1089.2957144748445,0,0,1,0.0,41.89598901826325
68,104.69187280885599,7089.439591277148,0,1,0,0.0,102.74550132285722
10,62.86305469704757,602.2239412458059,6,0,1,0.5454545454545454,54.74763102234599
67,34.09596275217693,2246.6200756555468,4,1,0,0.058823529411764705,33.03853052434628
18,86.41879145054173,1581.0085735080477,4,0,1,0.21052631578947367,83.21097755305514
34,41.60904531853075,1411.5504317876075,0,1,0,0.0,40.33001233678878
8,29.756251023929973,198.6415538090678,8,0,1,0.8888888888888888,22.07128375656309
40,106.19869084042723,4273.561890486361,0,0,0,0.0,104.23321684113077
42,66.01622644884397,2756.0152460041836,4,0,1,0.09302325581395349,64.09337781405078
41,94.92837126957764,3865.9128796875766,9,0,1,0.21428571428571427,92.0455447544661
6,49.05875598063551,288.48217911750453,8,0,1,1.1428571428571428,41.21173987392922
52,98.69701349176663,5176.606409855901,3,1,0,0.05660377358490566,97.67181905388492
26,31.193592702153033,799.1845443610817,7,1,0,0.25925925925925924,29.599427568928952
64,55.597337379485275,3575.489758210525,5,1,1,0.07692307692307693,55.00753474170038
59,117.80618179735285,6972.377126657347,2,1,0,0.03333333333333333,116.20628544428911
56,99.39897163680061,5579.640610601026,3,0,1,0.05263157894736842,97.88843176493029
59,69.72559303146882,4151.942138346888,1,0,1,0.016666666666666666,69.1990356391148
70,53.97774715618851,3757.228820794227,0,0,0,0.0,52.91871578583418
33,107.21357000224765,3506.747764782662,7,1,1,0.20588235294117646,103.13964014066653
53,74.48477590845157,3915.804123467183,0,0,0,0.0,72.51489117531821
22,95.84250178691111,2104.2009868530504,0,1,0,0.0,91.48699942839349
21,95.4107680316164,1975.2147289287286,3,0,1,0.13636363636363635,89.78248767857858
70,21.794567856849184,1530.0459773354028,9,1,1,0.1267605633802817,21.54994334275215
70,32.62537827926135,2286.086132140041,9,1,1,0.1267605633802817,32.19839622732452
4,85.96293663947422,374.4089456534781,5,0,1,1.0,74.88178913069562
62,36.16198112858714,2250.7771592194845,8,0,1,0.12698412698412698,35.72662157491245
62,45.54933446556047,2811.574181188906,0,1,0,0.0,44.628161606173116
24,114.66379541996072,2764.256566212038,6,0,1,0.24,110.57026264848152
55,76.01822583749119,4150.096600465076,9,0,1,0.16071428571428573,74.10886786544779
9,95.07295069993472,854.512335658683,4,1,0,0.4,85.4512335658683
3,75.79807387826398,236.97625864265936,7,0,1,1.75,59.24406466066484
31,75.25136147827251,2336.671733770952,6,1,1,0.1875,73.02099168034225
40,29.415191012569792,1189.0595933508712,3,1,1,0.07317073170731707,29.00145349636271
36,54.3663192609103,1937.8661129213872,3,0,1,0.08108108108108109,52.37475980868614
24,48.24308986865117,1192.3950989319135,5,0,1,0.2,47.69580395727654
6,59.07283656136132,409.1020878500391,5,0,1,0.7142857142857143,58.44315540714844
66,99.83441882243282,6540.991357934809,8,1,1,0.11940298507462686,97.62673668559415
4,57.19326679168648,192.30512728811848,4,0,1,0.8,38.4610254576237
6,65.16968192316827,392.3105817797412,7,1,1,1.0,56.04436882567732
51,59.73813904853165,3038.948562058528,4,0,1,0.07692307692307693,58.44131850112554
62,29.34079719752956,1876.0217984200162,1,0,0,0.015873015873015872,29.778123784444702
57,64.10721582507837,3660.704831732201,5,0,1,0.08620689655172414,63.115600547106915
66,39.5609273044515,2652.797559705578,8,0,1,0.11940298507462686,39.59399342844146
8,38.67232957730415,247.90492002482517,2,0,1,0.2222222222222222,27.544991113869465
26,29.403610443426636,788.9189560290631,0,0,0,0.0,29.219220593669004
51,55.667097414176475,2817.5564635452506,0,0,0,0.0,54.18377814510097
45,95.74818847894174,4286.722204463789,2,0,0,0.043478260869565216,93.18961314051715
44,47.64416905833961,2088.8926977745787,9,0,1,0.2,46.41983772832397
5,51.23491018855135,213.437041750824,4,1,1,0.6666666666666666,35.572840291804
70,84.26746576724236,5912.00616946662,2,0,0,0.028169014084507043,83.26769252769887
26,39.58408125869189,1034.9075617274927,8,0,1,0.2962962962962963,38.329909693610844
68,109.69579304235343,7467.299694325651,7,1,0,0.10144927536231885,108.22173470037175
19,72.01905232515544,1394.9729248419405,2,0,1,0.1,69.74864624209702
20,64.7602940320217,1340.6493420262586,8,1,1,0.38095238095238093,63.84044485839327
12,75.78201919292013,898.4728988424151,5,0,1,0.38461538461538464,69.113299910955
47,36.60343134161955,1734.681792248213,6,0,1,0.125,36.1392040051711
1,81.34731386391763,90.136960113967,3,1,0,1.5,45.0684800569835
14,56.31007366340104,799.6694664774827,3,0,1,0.2,53.31129776516551
64,109.7186340964619,7033.7705121075405,1,1,0,0.015384615384615385,108.2118540324237
38,36.885420667768614,1449.3610857121525,4,0,1,0.10256410256410256,37.163104761850065
37,70.7051103865441,2602.2987782474534,7,1,1,0.18421052631578946,68.48154679598561
11,79.8112629369018,832.1518152098093,6,1,1,0.5,69.34598460081745
3,23.338360178638123,49.07886747743775,6,0,1,1.5,12.269716869359437
33,56.369312475614024,1882.9053197013247,5,1,1,0.14705882352941177,55.37956822650955
6,93.26352347008329,560.281026079915,2,0,0,0.2857142857142857,80.040146582845
50,102.03775074489734,5087.859557030017,4,1,0,0.0784313725490196,99.76195209862777
10,51.31619948172823,480.8670767649931,0,0,1,0.0,43.71518879681756
5,99.85932723827513,505.9352198432916,6,1,1,1.0,84.32253664054859
23,116.77558771033888,2705.1737055960084,8,0,1,0.3333333333333333,112.71557106650035
10,105.6873936075094,1066.0500977279748,0,0,0,0.0,96.9136452479977
44,31.76439881593252,1390.0336379663825,1,1,0,0.022222222222222223,30.889636399252943
2,93.97303320855406,192.34530494603197,2,1,1,0.6666666666666666,64.11510164867732
13,51.96668324405447,679.7921711694306,2,0,1,0.14285714285714285,48.55658365495933
40,118.84159894120765,4759.354865584835,7,0,1,0.17073170731707318,116.08182598987403
2,68.5358983159887,101.5426481014038,6,0,0,2.0,33.8475493671346
65,32.24338983589411,2101.7401298515633,5,0,1,0.07575757575757576,31.844547421993383
63,92.51855480273908,5815.451058518575,9,0,1,0.140625,90.86642278935274
17,52.30111983862138,920.3375954368563,9,1,1,0.5,51.12986641315868
9,119.70781570816617,1081.3579006260036,3,0,1,0.3,108.13579006260036
15,117.97824578545219,1794.7380634364697,8,1,1,0.5,112.17112896477936
24,85.61340180205806,2045.6682016379007,0,1,0,0.0,81.82672806551602
38,32.98264489517176,1245.369090888183,1,0,0,0.02564102564102564,31.932540792004694
35,88.68609976750291,3148.8410292502917,3,0,1,0.08333333333333333,87.46780636806366
49,29.303048646002722,1448.9394393065986,2,0,1,0.04,28.97878878613197
69,22.936415910239234,1561.177261834335,0,0,0,0.0,22.302532311919073
62,102.2958446221486,6369.251599731828,4,1,0,0.06349206349206349,101.09923174177504
60,40.97529476836814,2442.5185440992523,6,0,1,0.09836065573770492,40.04128760818446
50,57.90271262190974,2901.906575229833,1,1,0,0.0196078431372549,56.900128926075155
9,117.34573899761732,1111.211889904338,4,0,1,0.4,111.12118899043381
34,53.684050186110326,1782.3192346986095,5,0,1,0.14285714285714285,50.92340670567456
35,49.64897812833153,1732.4407768386075,6,0,1,0.16666666666666666,48.123354912183544
1,111.82079996227752,124.06894918933844,0,0,0,0.0,62.03447459466922
40,31.074844531895813,1265.9347313157728,6,0,1,0.14634146341463414,30.87645686136031
64,95.95824101146317,6104.0904075128165,3,0,1,0.046153846153846156,93.90908319250487
22,118.8065566652774,2567.670538578852,7,1,1,0.30434782608695654,111.63784950342834
60,110.12960107746488,6640.498545207605,3,1,0,0.04918032786885246,108.86063188864927
64,85.1667918706426,5429.062234017011,5,0,0,0.07692307692307693,83.52403436949248
11,51.4060794992732,542.5983992520858,8,0,1,0.6666666666666666,45.216533271007144
14,45.432198117831675,682.5582638328085,4,0,1,0.26666666666666666,45.50388425552057
60,101.92551048714611,6117.621698670721,3,0,0,0.04918032786885246,100.2888803060774
30,107.98219139516952,3241.7528886855325,7,0,0,0.22580645161290322,104.57267382856557
35,72.54349125456929,2533.628210555379,8,0,1,0.2222222222222222,70.37856140431609
37,44.43399407864661,1607.3383189076296,3,0,0,0.07894736842105263,42.29837681335867
5,31.294320841117354,176.7425126874184,2,0,1,0.3333333333333333,29.45708544790307
26,28.717946783183116,758.9501320205297,7,0,1,0.25925925925925924,28.109264148908508
62,91.90774473538556,5703.340913354088,4,0,1,0.06349206349206349,90.52922084689028
4,62.0118727847725,244.55779996080227,1,1,0,0.2,48.911559992160456
42,110.53598742778703,4633.741882486907,9,0,1,0.20930232558139536,107.7614391276025
18,93.96713007267637,1718.782842994597,8,0,1,0.42105263157894735,90.46225489445249
40,39.12604179145867,1560.802879762164,2,0,0,0.04878048780487805,38.06836292102839
39,81.3777418815699,3171.8101022252094,1,1,0,0.025,79.29525255563024
14,63.550545439815934,905.6044308039362,0,1,1,0.0,60.37362872026242
32,77.72497307686132,2493.4379663799737,7,1,1,0.21212121212121213,75.5587262539386
51,93.80691233385171,4833.42081075265,2,0,1,0.038461538461538464,92.95040020678174
38,100.61958810037908,3770.703344490206,6,0,1,0.15384615384615385,96.68470114077451
23,104.37373264067243,2409.5930738864836,0,1,0,0.0,100.39971141193682
63,45.39748745720247,2838.8735363895908,0,0,0,0.0,44.357399006087356
15,23.111559991735767,318.4108038333886,8,0,1,0.5,19.90067523958679
25,93.92947351647732,2334.5249117306025,7,1,1,0.2692307692307692,89.78941968194626
17,30.63437262557746,522.4247168892697,2,0,1,0.1111111111111111,29.023595382737206
66,51.491958861296766,3401.441357123289,5,0,1,0.07462686567164178,50.76778144960133
53,20.381713412434713,1034.711624388685,2,0,1,0.037037037037037035,19.161326377568244
51,88.166948240162,4480.2818453579275,3,0,1,0.057692307692307696,86.15926625688323
39,36.71320114712212,1440.2514912820566,0,0,1,0.0,36.00628728205142
51,85.52824096916582,4335.632375903948,4,1,0,0.07692307692307693,83.37754569046054
70,119.17426171678389,8308.754803033376,0,1,0,0.0,117.02471553568135
6,27.267087161001626,95.91855374122143,0,0,0,0.0,13.702650534460204
67,27.707801195146068,1836.5268766235258,9,1,1,0.1323529411764706,27.007748185640086
7,54.03800926666749,343.777188898148,6,0,1,0.75,42.9721486122685
51,106.6386514251342,5409.0532361885425,5,0,1,0.09615384615384616,104.02025454208736
42,41.55298687913319,1737.0708398252043,1,1,0,0.023255813953488372,40.39699627500475
64,56.037781993034756,3568.4231812579374,1,1,0,0.015384615384615385,54.89881817319904
15,26.85054066269796,367.7709731246902,6,1,1,0.375,22.98568582029314
29,96.31552912588894,2729.675097693783,0,1,0,0.0,90.9891699231261
33,60.83063427594511,2016.480270260618,1,1,0,0.029411764705882353,59.30824324295935
27,95.92487330608428,2612.5563956785295,7,1,1,0.25,93.30558555994749
36,110.3607844346795,3961.085890278631,5,0,1,0.13513513513513514,107.05637541293596
29,43.27631471012887,1247.039855700109,1,1,1,0.03333333333333333,41.567995190003636
38,100.73960303399514,3828.189230762399,6,1,1,0.15384615384615385,98.1586982246769
57,25.909389007825325,1524.198680744411,3,1,0,0.05172413793103448,26.279287599041567
27,109.88473881802473,2919.8567142718944,1,0,0,0.03571428571428571,104.28059693828195
55,85.07685475587473,4666.792319796934,5,0,1,0.08928571428571429,83.33557713923096
33,107.42267241383516,3493.2890007325786,8,0,1,0.23529411764705882,102.74379413919348
68,20.01883995565819,1372.1506707468236,8,0,1,0.11594202898550725,19.88624160502643
66,36.90810703559925,2431.6163125359103,7,1,0,0.1044776119402985,36.292780784118065
10,58.975938742649205,595.8491508145744,2,0,1,0.18181818181818182,54.168104619506764
5,57.950290337471856,294.3451285650916,2,0,1,0.3333333333333333,49.05752142751527
38,42.673038292351066,1651.296702720446,1,1,1,0.02564102564102564,42.340941095396055
13,58.16119398672001,772.2395107644141,4,0,1,0.2857142857142857,55.15996505460101
31,32.884871200025486,1044.3462459305927,3,0,1,0.09375,32.63582018533102
47,61.27611292660261,2848.0112668534143,6,0,1,0.125,59.33356805944613
52,100.23543291592642,5248.0376375774285,3,1,0,0.05660377358490566,99.01957806749866
56,67.90700631033512,3781.1214711940966,8,0,1,0.14035087719298245,66.33546440691397
15,21.800008894521497,307.05404713910303,1,1,1,0.0625,19.19087794619394
29,62.14440415792474,1810.3129979004075,5,0,1,0.16666666666666666,60.34376659668025
8,22.717501609084415,190.79756076415362,6,0,1,0.6666666666666666,21.199728973794848
5,116.62434107067982,550.9660012864247,3,0,1,0.5,91.82766688107078
29,32.7453959422869,944.418103573103,5,1,1,0.16666666666666666,31.480603452436767
47,90.76883263306188,4310.782193259993,6,0,1,0.125,89.80796235958319
68,117.27763228920858,7930.828898820161,3,0,1,0.043478260869565216,114.9395492582632
45,102.60390516665719,4661.732309729955,7,0,1,0.15217391304347827,101.3420067332599
2,89.93153751262037,172.61212148274603,8,1,1,2.6666666666666665,57.53737382758201
27,103.9460909500767,2736.411810649016,0,0,1,0.0,97.72899323746485
36,118.17986932606276,4213.473343733772,6,1,0,0.16216216216216217,113.87765793875059
36,82.13444972535297,2927.935863980651,8,1,1,0.21621621621621623,79.13340172920678
26,75.91848068293265,1955.1626187327668,9,0,1,0.3333333333333333,72.4134303234358
43,82.82381104632813,3558.2824772333497,4,0,1,0.09090909090909091,80.87005630075795
27,73.2675886761555,1897.1204903633513,1,0,1,0.03571428571428571,67.75430322726255
69,83.50891059097188,5767.718962551389,9,0,1,0.12857142857142856,82.39598517930555
20,64.98422079725592,1268.031700695372,5,0,1,0.23809523809523808,60.38246193787485
11,41.84431828833071,502.0031783196696,6,0,1,0.5,41.8335981933058
38,32.024722651167565,1208.834159122048,1,0,1,0.02564102564102564,30.995747669796103
6,26.83409355322604,189.28994647133814,1,0,1,0.14285714285714285,27.041420924476878
23,46.33157837532001,1098.936772029789,9,0,1,0.375,45.78903216790787
47,24.61235643357338,1189.2789496819353,9,0,1,0.1875,24.776644785040318
46,76.71707799193857,3511.9933853402995,0,1,0,0.0,74.7232635178787
12,48.38284470235203,563.2181316965847,3,1,0,0.23076923076923078,43.32447166896805
13,102.45348080870322,1325.1460515344925,6,1,1,0.42857142857142855,94.6532893953209
62,27.424087298838643,1719.3805337893634,8,0,1,0.12698412698412698,27.29175450459307
60,42.635149434148595,2542.788107956291,2,0,1,0.03278688524590164,41.685050950103125
43,93.02461470901459,3996.48055827992,6,0,1,0.13636363636363635,90.8291035972709
68,79.88082963834914,5440.104229897925,6,0,1,0.08695652173913043,78.84209028837572
5,26.449127124916753,105.09887784314778,6,0,1,1.0,17.51647964052463
37,107.72394571622004,3956.7427428502683,1,1,0,0.02631578947368421,104.12480902237549
31,107.72617628261796,3334.763548319037,5,0,1,0.15625,104.2113608849699
9,53.040800387577384,476.59256793674575,1,0,0,0.1,47.65925679367457
51,54.04058433495647,2769.0863654828295,5,1,0,0.09615384615384616,53.251660874669795
29,118.90283583501738,3468.338836464051,9,0,1,0.3,115.6112945488017
40,82.61761715931382,3271.732801755403,2,0,1,0.04878048780487805,79.79836101842447
41,73.1316520568059,2974.035186370735,1,0,1,0.023809523809523808,70.8103615802556
11,103.81521835519244,1112.8448332802238,5,0,1,0.4166666666666667,92.73706944001866
23,48.52903383573164,1158.5412002695703,1,1,0,0.041666666666666664,48.27255001123209
1,62.91825933963569,59.310141633559624,4,0,1,2.0,29.655070816779812
46,46.77766754883342,2152.256586103688,1,0,1,0.02127659574468085,45.79269332135506
21,98.91608465887315,2078.9710087567414,2,1,0,0.09090909090909091,94.49868221621551
36,77.3349345635218,2762.5875438752555,2,1,0,0.05405405405405406,74.66452821284474
54,85.88250701400705,4684.583464324762,5,1,0,0.09090909090909091,85.17424480590476
57,45.230724983940654,2590.482123729179,5,1,0,0.08620689655172414,44.6634848918824
1,42.02253013773151,43.21024603106998,9,0,1,4.5,21.60512301553499
63,68.83746289829386,4303.602469957997,2,0,0,0.03125,67.2437885930937
54,93.75657490928268,5027.997070351577,2,0,0,0.03636363636363636,91.41812855184686
55,72.52397575201601,3979.551440412708,0,0,0,0.0,71.06341857879836
40,23.264567754566862,909.5829563755195,6,1,0,0.14634146341463414,22.184950155500477
15,106.85515063202888,1570.8039291140367,7,1,0,0.4375,98.1752455696273
21,26.468689351513156,544.7137357946295,1,0,0,0.045454545454545456,24.759715263392252
47,115.58244837207522,5425.882232639259,3,0,1,0.0625,113.03921317998457
53,22.51419582772727,1197.5059414833534,9,0,1,0.16666666666666666,22.17603595339543
9,89.44504561307087,789.88782637641,6,1,1,0.6,78.988782637641
52,28.220706371178167,1437.2487104614638,7,0,1,0.1320754716981132,27.11790019738611
57,111.06765794351396,6301.668876200559,0,1,0,0.0,108.64946338276826
26,66.44332362255427,1763.9155960631967,3,1,1,0.1111111111111111,65.33020726159988
41,33.75237748170154,1346.2947461589108,5,1,1,0.11904761904761904,32.0546368133074
35,54.08156997898466,1903.7504182132013,2,1,0,0.05555555555555555,52.881956061477815
63,36.4824675346762,2313.981844577833,4,1,0,0.0625,36.15596632152864
25,37.058191155709,922.8165146176549,9,0,1,0.34615384615384615,35.492942869909804
38,114.81083201714422,4415.846488403636,8,0,1,0.20512820512820512,113.22683303599067
2,64.52461122847882,144.1007922477886,2,0,1,0.6666666666666666,48.033597415929535
7,98.88022639053595,747.4486761828912,4,0,1,0.5,93.4310845228614
34,83.96055611776819,2835.126987946672,7,1,0,0.2,81.00362822704778
17,87.64263623383923,1470.9064536784645,5,0,1,0.2777777777777778,81.71702520435913
43,33.16934384720385,1442.107900190166,3,1,1,0.06818181818181818,32.7751795497765
59,43.418444681548564,2553.844267091789,7,0,1,0.11666666666666667,42.56407111819648
51,98.67503351544369,5082.996672034388,2,0,1,0.038461538461538464,97.74993600066131
54,117.0766206474783,6332.388526472756,2,1,0,0.03636363636363636,115.1343368449592
24,46.26756425986517,1079.0843156410626,3,0,1,0.12,43.1633726256425
25,47.156876475103985,1126.8174196212788,8,0,1,0.3076923076923077,43.33913152389534
71,67.28971328109048,4775.222485187127,4,0,1,0.05555555555555555,66.32253451648788
52,118.38403128554378,6153.29593296228,7,1,1,0.1320754716981132,116.09992326343925
70,46.8958945826471,3292.125598484549,5,0,1,0.07042253521126761,46.36796617583872
33,60.69719096342639,2039.3280190057478,2,0,1,0.058823529411764705,59.98023585311023
49,109.14800156235067,5380.625475675,7,0,1,0.14,107.61250951350002
29,20.2921032621362,571.1039636318569,8,1,1,0.26666666666666666,19.036798787728564
63,23.976596498856956,1471.7109973738557,7,1,1,0.109375,22.995484333966495
22,80.40716770712191,1731.9340555064098,3,0,1,0.13043478260869565,75.30148067419172
26,110.7380164712847,2857.084377093761,5,0,1,0.18518518518518517,105.81793989236151
28,43.88566604019277,1217.796702684227,0,1,1,0.0,41.99298974773197
49,66.9641774680709,3290.396560104429,3,0,0,0.06,65.80793120208858
71,65.04653016578183,4594.27461386363,7,0,1,0.09722222222222222,63.809369636994866
49,67.29713460955102,3305.9713550013994,0,0,1,0.0,66.11942710002799
20,82.25196957297452,1655.900595835262,2,1,0,0.09523809523809523,78.85240932548867
63,66.97437629906838,4223.686023319185,0,0,0,0.0,65.99509411436226
61,64.74681413224579,3915.6969721566124,8,0,1,0.12903225806451613,63.15640277671955
49,67.42884204312605,3318.0480618702554,1,1,0,0.02,66.3609612374051
71,79.08674412710415,5677.596921887397,8,1,0,0.1111111111111111,78.85551280399163
1,73.70074883513584,81.07765364252298,3,0,1,1.5,40.53882682126149
13,105.41359976505044,1281.7845439261177,1,0,1,0.07142857142857142,91.55603885186555
51,24.94968534936666,1309.6603399791068,3,1,0,0.057692307692307696,25.185775768828975
56,103.33170714730124,5765.493166947888,9,1,1,0.15789473684210525,101.14900292891032
62,104.3924612611724,6540.30397890756,5,1,0,0.07936507936507936,103.81434887154857
32,48.490802153096084,1555.1965724400534,6,0,0,0.18181818181818182,47.1271688618198
30,66.28519550158506,1938.0148442279772,2,0,0,0.06451612903225806,62.51660787832184
29,63.85384885374355,1789.8206920598004,2,1,0,0.06666666666666667,59.66068973532668
49,41.85098343541303,2096.8904112155146,9,1,1,0.18,41.937808224310295
45,59.67968470863165,2718.7629614659427,7,0,1,0.15217391304347827,59.10354264056397
30,24.438777217085445,799.943883085564,4,0,1,0.12903225806451613,25.804641389856904
16,47.782207278173445,764.8430510179818,3,1,0,0.17647058823529413,44.990767706940105
40,101.66821754507181,4065.032805301482,6,0,0,0.14634146341463414,99.14714159271907
19,48.45623017628975,909.1868095847485,6,0,1,0.3,45.459340479237426
18,101.82066687482475,1813.0232965090688,8,0,1,0.42105263157894735,95.4222787636352
1,73.15994646044308,61.38705982670861,8,0,1,4.0,30.693529913354304
47,107.98626773611599,5081.878483567173,4,0,1,0.08333333333333333,105.87246840764944
66,77.47795542644153,5088.228034537778,7,1,0,0.1044776119402985,75.94370200802653
38,22.966822306473983,822.6605672397918,9,0,1,0.23076923076923078,21.0938606984562
51,87.54202075470891,4469.43935751058,0,0,0,0.0,85.95075687520345
63,24.485356802356865,1516.5916105876795,8,0,1,0.125,23.696743915432492
4,65.05970189831339,163.0556758450515,7,0,1,1.4,32.611135169010296
1,112.9426694473114,129.51969116702173,5,0,1,2.5,64.75984558351087
8,36.520393933785016,258.9213803267693,2,0,1,0.2222222222222222,28.76904225852992
29,58.98723529415441,1730.4835071711998,2,1,1,0.06666666666666667,57.682783572373324
55,92.98603088484784,5133.367141862111,7,0,1,0.125,91.66727039039483
3,108.22585560948475,333.18526717413926,4,0,1,1.0,83.29631679353481
32,87.09430047425079,2861.92215038672,9,0,1,0.2727272727272727,86.72491364808243
10,45.81732541911692,454.03169869199786,6,0,1,0.5454545454545454,41.27560897199981
34,87.46078529162162,2965.0975128901773,4,1,0,0.11428571428571428,84.71707179686221
55,49.672764110409,2752.5121987150023,7,0,1,0.125,49.152003548482185
32,91.84292298187353,2937.3101145565392,9,1,1,0.2727272727272727,89.00939741080423
50,115.40331275850406,5804.9804440470225,9,0,1,0.17647058823529413,113.82314596170632
7,92.13934511062882,606.9112385471361,3,1,1,0.375,75.86390481839202
8,106.28805029124123,812.7391689059997,1,0,1,0.1111111111111111,90.30435210066663
65,20.210384317588343,1336.6492653830287,2,1,0,0.030303030303030304,20.252261596712557
57,91.75721247315944,5195.21678278993,7,0,1,0.1206896551724138,89.57270315155053
67,102.95875568652504,6916.509589190459,6,0,0,0.08823529411764706,101.7133763116244
59,24.05587375446814,1430.3966368999313,1,1,0,0.016666666666666666,23.839943948332188
54,107.15977272882306,5765.793078775615,5,1,1,0.09090909090909091,104.83260143228391
67,45.66942283100458,3070.86643448431,8,0,1,0.11764705882352941,45.159800507122206
51,86.52921019780553,4375.951946714555,3,0,1,0.057692307692307696,84.15292205220297
8,100.03548790234066,770.2869054308143,8,0,1,0.8888888888888888,85.58743393675714
34,86.26645130593555,2925.9437122494464,1,1,0,0.02857142857142857,83.59839177855561
35,29.228479207325723,1025.3646068285668,1,0,0,0.027777777777777776,28.48235018968241
32,79.63215188603684,2539.119704243543,8,0,1,0.24242424242424243,76.94302134071341
46,74.95836567221437,3461.0782998380546,6,1,1,0.1276595744680851,73.63996382634159
16,110.03212680742715,1772.168021370283,6,1,0,0.35294117647058826,104.2451777276637
68,60.42397296442092,4154.711165831067,0,1,0,0.0,60.21320530189952
37,52.108109708705015,1925.1414988077354,5,1,1,0.13157894736842105,50.661618389677244
54,94.98507644364662,5165.031030892441,6,1,0,0.10909090909090909,93.9096551071353
14,61.267532608339664,885.3672219035722,5,0,1,0.3333333333333333,59.02448146023814
55,84.6096175005063,4722.3482810266405,5,0,1,0.08928571428571429,84.32764787547572
48,84.64500901246069,4059.142692001045,1,1,0,0.02040816326530612,82.83964677553153
7,108.80390643601179,749.0165834084929,5,0,1,0.625,93.62707292606162
7,79.86924023190974,596.8155082906802,3,1,1,0.375,74.60193853633503
33,70.21536099619868,2328.6698900267947,8,0,1,0.23529411764705882,68.49029088314103
23,33.887132639651696,817.853827215506,0,0,0,0.0,34.07724280064608
19,31.573760667870538,621.4054166292252,7,1,1,0.35,31.07027083146126
19,35.43215652830794,610.008111295866,4,1,0,0.2,30.5004055647933
36,37.18484813270945,1349.9441860884758,0,0,0,0.0,36.48497800239124
29,83.7877092663634,2439.180045663083,3,1,0,0.1,81.30600152210278
60,94.09812502745785,5649.88070872139,0,1,0,0.0,92.62099522494081
2,72.99915229264187,142.03101296158223,5,0,1,1.6666666666666667,47.34367098719408
1,102.9017732545491,55.13746742071926,1,0,1,0.5,27.56873371035963
47,119.12632267336332,5625.1624731652255,4,1,0,0.08333333333333333,117.19088485760886
69,102.0012629119356,7049.300193766361,6,1,0,0.08571428571428572,100.70428848237658
20,89.48823736759591,1822.823448273841,1,0,1,0.047619047619047616,86.80111658446862
11,73.24926994371467,759.5793036526037,5,1,0,0.4166666666666667,63.298275304383644
2,64.88530716747081,144.98464902129967,5,1,1,1.6666666666666667,48.32821634043322
67,28.439238054454236,1898.389169522037,4,0,1,0.058823529411764705,27.91748778708878
12,59.93687483946909,723.556138371395,4,1,1,0.3076923076923077,55.65816449010731
20,111.01346367821343,2213.5744845388417,2,0,0,0.09523809523809523,105.4083087875639
5,100.8022629906553,520.3195527776804,9,0,1,1.5,86.71992546294673
37,41.605136501168715,1534.5038569134952,9,1,1,0.23684210526315788,40.38168044509198
38,66.66077846972158,2501.5521340977493,1,1,1,0.02564102564102564,64.14236241276281
9,101.67232025585446,917.6436448662758,6,1,1,0.6,91.76436448662758
53,26.738455478552254,1410.7129042492045,0,0,1,0.0,26.124313041651934
44,58.73925856686593,2582.0255683082346,5,0,1,0.1111111111111111,57.37834596240521
24,105.18412368739476,2428.78462421627,5,0,1,0.2,97.1513849686508
30,60.389786417012374,1832.1726750174323,2,0,1,0.06451612903225806,59.102344355401044
59,27.761464473144088,1628.4864953950978,1,0,1,0.016666666666666666,27.141441589918298
14,74.25343685322514,999.103508724604,1,0,1,0.06666666666666667,66.60690058164026
9,106.17424949182954,983.2451509319101,8,0,1,0.8,98.32451509319101
40,79.02855429531597,3180.233143645227,4,1,0,0.0975609756097561,77.56666204012748
66,42.627910821423185,2803.6225083256845,6,0,1,0.08955223880597014,41.84511206456246
25,58.423962013738134,1426.033968957853,4,0,1,0.15384615384615385,54.847460344532806
22,65.01233611819322,1435.6123166406321,6,0,1,0.2608695652173913,62.41792681046227
4,77.92663538205268,315.399724065839,3,0,1,0.6,63.0799448131678
26,95.93510257526131,2522.0426954465474,7,0,1,0.25925925925925924,93.4089887202425
58,29.88736176406354,1720.154916869871,9,0,1,0.15254237288135594,29.155168082540186
29,108.96520330175663,3195.8385597968922,9,1,1,0.3,106.52795199322973
37,21.23097030160756,769.3383110594067,6,0,0,0.15789473684210525,20.245745027879124
70,57.005233467425526,3949.991389183514,9,1,1,0.1267605633802817,55.63368153779597
18,22.742030997265765,375.3880752864653,4,1,1,0.21052631578947367,19.75726712034028
42,59.297422534529126,2488.619400276155,5,1,1,0.11627906976744186,57.87486977386407
41,72.58125988733238,2973.8662201088655,4,0,0,0.09523809523809523,70.8063385740206
38,71.16813865815118,2714.225103232268,6,1,1,0.15384615384615385,69.59551546749405
34,36.562834702826535,1240.425158962549,1,0,0,0.02857142857142857,35.4407188275014
17,84.57405100956123,1467.0784226444707,4,0,1,0.2222222222222222,81.50435681358171
37,24.477845050466822,897.8474439133951,9,1,1,0.23684210526315788,23.627564313510398
25,96.19068201324154,2344.878762384896,2,1,0,0.07692307692307693,90.18764470711139
27,114.66444339935462,3092.3070711286014,8,0,1,0.2857142857142857,110.4395382545929
57,53.97688271511179,3016.4789541283776,5,0,1,0.08620689655172414,52.00825782979961
31,71.72393817143319,2231.58381274436,9,0,1,0.28125,69.73699414826125
6,57.891027805881436,379.0619568048361,2,0,1,0.2857142857142857,54.151708114976586
40,20.671039030405996,797.2548266277643,6,0,1,0.14634146341463414,19.445239673847908
12,58.587450289511594,745.6061040658947,3,1,0,0.23076923076923078,57.354315697376514
53,99.17202592613465,5281.402311426989,2,1,0,0.037037037037037035,97.8037465079072
71,79.59888421834819,5687.715184165173,7,1,0,0.09722222222222222,78.9960442245163
10,30.125991461515895,306.9468303081979,3,0,1,0.2727272727272727,27.90425730074526
45,104.7139489693785,4682.344748349478,0,1,0,0.0,101.79010322498866
17,73.10853448852428,1266.269549139337,5,1,1,0.2777777777777778,70.34830828551873
26,104.17233617446762,2689.742713333108,9,1,1,0.3333333333333333,99.62010049381881
62,78.02215187850294,4840.909951650283,0,0,0,0.0,76.83984050238544
46,75.96884448379399,3489.4263164704153,4,0,1,0.0851063829787234,74.24311311639181
64,30.52591851970124,1987.399660964786,6,0,1,0.09230769230769231,30.57537939945825
2,36.7359733138628,95.38175680542548,5,0,1,1.6666666666666667,31.79391893514183
54,117.20252564965911,6326.519411132221,1,1,0,0.01818181818181818,115.02762565694947
65,42.84867467547708,2726.6156380998054,3,1,0,0.045454545454545456,41.312358153027354
51,117.7452117990368,5985.948977755001,1,0,0,0.019230769230769232,115.1144034183654
53,73.19127065242634,3900.2640132631286,0,0,0,0.0,72.2271113567246
36,33.578904706393715,1217.2438772615712,2,0,1,0.05405405405405406,32.89848316923165
26,29.930220275369294,733.0890691272157,2,0,1,0.07407407407407407,27.15144700471169
29,40.886407070573995,1131.5081658725792,6,0,1,0.2,37.716938862419305
21,112.56373300253358,2369.7036675579293,0,1,0,0.0,107.71380307081496
11,61.41502243282268,643.8535317295762,8,0,1,0.6666666666666666,53.65446097746468
40,59.54342679929144,2352.91317814653,5,1,1,0.12195121951219512,57.38812629625683
11,51.320626107017404,584.705119040671,3,0,1,0.25,48.725426586722584
36,34.70618505665884,1285.4898254521886,2,0,1,0.05405405405405406,34.742968255464554
59,68.78511971924064,4035.801002624109,2,0,1,0.03333333333333333,67.26335004373514
39,33.00477825111387,1285.8435425650757,1,1,1,0.025,32.14608856412689
54,103.54802363823276,5589.365876485039,1,0,0,0.01818181818181818,101.6248341179098
55,57.03969862753065,3132.25730137329,9,1,1,0.16071428571428573,55.933166095951606
24,57.48035677817963,1380.746516961,4,0,1,0.16,55.22986067844
22,67.40064284831558,1505.5091104981475,8,1,1,0.34782608695652173,65.45691784774554
69,64.41277131657516,4424.263490441798,1,1,0,0.014285714285714285,63.20376414916855
56,119.48579730593215,6645.4463230967185,1,0,0,0.017543859649122806,116.58677759818805
33,74.53811212183025,2510.457998028511,5,1,0,0.14705882352941177,73.83699994201504
36,28.82017037898707,1070.208791378236,9,0,1,0.24324324324324326,28.92456192914151
20,80.687734157693,1580.645547016378,1,1,0,0.047619047619047616,75.26883557220847
62,35.158429286987996,2183.8915760565346,3,0,1,0.047619047619047616,34.66494565169103
26,23.093764473134197,630.7589412390724,5,0,1,0.18518518518518517,23.361442268113795
66,117.07421536772482,7749.369532605619,4,1,0,0.05970149253731343,115.66223182993461
40,97.3538891534564,3908.0159654361346,0,1,1,0.0,95.31746257161304
17,118.01089924137669,2001.0784803556514,5,0,1,0.2777777777777778,111.17102668642508
1,67.78784480222424,119.60696255408297,0,1,0,0.0,59.803481277041485
61,73.22575311489761,4473.396706182538,2,0,0,0.03225806451612903,72.1515597771377
43,36.83369559191303,1568.4001326726395,9,0,1,0.20454545454545456,35.64545756074181
42,44.69074266675856,1903.1434638692274,4,1,0,0.09302325581395349,44.25915032254017
25,103.85492149028282,2599.2547965156127,9,0,1,0.34615384615384615,99.97133832752357
39,55.61856471175942,2179.617955576226,4,0,1,0.1,54.49044888940565
35,102.6814973796419,3599.946884335203,9,1,1,0.25,99.99852456486674
3,90.90137242870318,287.6073844991168,5,0,1,1.25,71.9018461247792
44,37.71709252718655,1630.1983835942322,9,1,0,0.2,36.22663074653849
51,70.74463661197422,3564.4432755955845,7,0,1,0.1346153846153846,68.54698606914586
12,87.73873215187169,1095.8887675194678,4,0,1,0.3076923076923077,84.29913596303598
19,43.50372148038251,834.0582449809428,0,0,1,0.0,41.702912249047145
44,103.06885105200769,4558.154864610596,4,1,0,0.08888888888888889,101.29233032467991
59,74.48276575451868,4341.690402911273,2,1,1,0.03333333333333333,72.36150671518789
49,36.52420504426032,1821.686540430191,3,0,1,0.06,36.43373080860382
61,78.29844261646025,4760.560430243402,7,0,1,0.11290322580645161,76.78323274586133
17,119.9713804155914,2015.3269220607824,6,1,1,0.3333333333333333,111.96260678115458
57,35.05214916634135,1996.0713074524974,4,0,1,0.06896551724137931,34.41502254228444
55,101.67569301195282,5562.823709341129,1,1,0,0.017857142857142856,99.33613766680587
47,40.7309003187558,1914.3003640347545,5,0,1,0.10416666666666667,39.88125758405739
12,98.23883294600873,1174.7758449416701,5,1,1,0.38461538461538464,90.36737268782078
62,93.45779231214132,5826.195000509778,9,0,1,0.14285714285714285,92.47928572237743
8,50.04893856004324,445.79184354453,9,1,1,1.0,49.53242706050334
21,52.58231175644498,1148.674020670592,5,1,1,0.22727272727272727,52.21245548502691
70,99.25213919629192,6879.71429435855,8,0,1,0.11267605633802817,96.89738442758522
25,66.14455118873127,1625.5587748229834,7,0,1,0.2692307692307692,62.521491339345516
12,93.08180287118088,1048.7350315394997,7,1,1,0.5384615384615384,80.67192550303844
15,34.798414736583474,486.1699528157012,0,1,0,0.0,30.385622050981326
59,105.25577819015535,6190.60536689205,4,0,1,0.06666666666666667,103.1767561148675
26,91.08847166823192,2380.617111830838,6,0,0,0.2222222222222222,88.17100414188289
26,110.69428088348339,2862.453305935792,5,1,1,0.18518518518518517,106.01678910873304
47,33.237237903497245,1547.388079335911,4,0,1,0.08333333333333333,32.23725165283148
32,79.30145003605978,2543.099341649906,7,1,1,0.21212121212121213,77.06361641363351
10,79.91205850403252,747.8412956840908,2,0,1,0.18181818181818182,67.98557233491735
16,55.34607405467825,860.3793902859361,5,1,1,0.29411764705882354,50.610552369760946
71,65.84664245692578,4660.004915667209,4,1,0,0.05555555555555555,64.7222904953779
17,23.798156328985346,398.49659793381056,7,1,1,0.3888888888888889,22.138699885211697
23,94.5860038627012,2177.7867085488942,3,0,0,0.125,90.74111285620393
26,74.93224794031741,1993.257940140244,7,1,1,0.25925925925925924,73.82436815334238
7,25.774105186917378,207.66882114085448,9,0,1,1.125,25.95860264260681
14,88.07558929604855,1209.9789494099216,1,0,0,0.06666666666666667,80.66526329399477
7,66.67820772311879,458.90758227828746,8,0,1,1.0,57.36344778478593
9,23.4461259425,201.1319593697363,8,0,1,0.8,20.113195936973632
48,116.96077268480954,5598.692513375237,9,1,1,0.1836734693877551,114.25903088520892
59,114.91121430894405,6787.937119002327,9,0,1,0.15,113.13228531670545
39,71.29024161471975,2724.526036384943,5,1,0,0.125,68.11315090962357
18,29.36724207059102,555.0317889108329,3,1,0,0.15789473684210525,29.212199416359628
59,95.46212215985918,5683.071731153152,3,1,0,0.05,94.71786218588586
17,69.1931100105729,1168.1876539595846,5,0,1,0.2777777777777778,64.89931410886581
14,50.24474782893799,694.745536851597,4,0,0,0.26666666666666666,46.3163691234398
31,69.14181775285567,2148.107677754786,5,1,0,0.15625,67.12836492983706
24,72.24441454054644,1764.447528281921,6,0,1,0.24,70.57790113127685
60,76.27116990223392,4566.541382629518,6,0,1,0.09836065573770492,74.86133414146751
45,64.12237136553264,2913.525066432021,8,0,1,0.17391304347826086,63.33750144417437
3,80.57553031390566,256.3814311153143,7,0,1,1.75,64.09535777882857
37,111.87347106063774,4210.166772563737,5,1,0,0.13157894736842105,110.79386243588782
43,56.226808709859114,2407.892914069073,5,0,1,0.11363636363636363,54.72483895611529
40,92.5716463219949,3643.585839448171,4,0,1,0.0975609756097561,88.86794730361393
55,109.44525568242322,5976.500888912712,0,0,0,0.0,106.72323015915558
39,65.5979275759937,2558.677022585759,8,0,1,0.2,63.96692556464397
15,64.34558363819042,996.0202173934788,8,0,1,0.5,62.251263587092424
4,80.21169853547795,301.2715199292901,8,0,1,1.6,60.254303985858016
25,79.1406759422488,1971.5889250599603,7,0,1,0.2692307692307692,75.83034327153693
13,100.6589342326277,1329.1114271441072,9,1,1,0.6428571428571429,94.93653051029337
33,67.64833837782928,2203.4381884420122,2,0,1,0.058823529411764705,64.80700554241213
16,119.61229496394411,1895.4586374472613,0,0,1,0.0,111.49756690866242
42,25.947156886728077,1054.7487886142715,7,0,1,0.16279069767441862,24.52904159568073
66,20.316784858070175,1376.2546434191083,6,0,1,0.08955223880597014,20.541114080882213
55,84.01983115596238,4667.340897931822,4,1,1,0.07142857142857142,83.34537317735396
42,49.843491236187674,2046.0441822350906,9,0,1,0.20930232558139536,47.58242284267653
34,44.03823886994838,1493.0345566085982,6,0,1,0.17142857142857143,42.65813018881709
30,51.18990800042805,1577.9150092647897,9,0,1,0.2903225806451613,50.90048416983193
13,45.604756510495434,604.8226901451078,3,1,1,0.21428571428571427,43.20162072465056
13,23.079004966044785,285.34988756860935,8,0,1,0.5714285714285714,20.38213482632924
18,117.15330423905887,2062.374612714733,9,1,0,0.47368421052631576,108.54603224814383
32,42.07454884527817,1380.9738996035874,1,0,1,0.030303030303030304,41.847693927381435
39,93.40297625893064,3653.5315305466297,8,1,1,0.2,91.33828826366575
46,96.25963946941752,4383.753823960953,8,1,1,0.1702127659574468,93.27135795661601
29,112.92573980072292,3310.5431858372144,4,0,1,0.13333333333333333,110.35143952790715
62,23.054945709337996,1381.3945271262198,0,0,1,0.0,21.926897255971742
62,107.20483384470077,6640.085113746426,6,0,1,0.09523809523809523,105.39817640867344
57,72.72261808398002,4137.250789685697,9,0,1,0.15517241379310345,71.33191016699477
16,83.25441099658279,1380.6220158107596,9,0,1,0.5294117647058824,81.2130597535741
56,84.44702771210336,4721.202166121384,3,0,1,0.05263157894736842,82.82810817756814
10,101.97978049847275,1011.8585243957057,8,0,1,0.7272727272727273,91.98713858142779
30,53.34073221591105,1559.3296161304006,5,0,1,0.16129032258064516,50.30095535904518
25,93.30511898599934,2313.4160442782254,2,0,0,0.07692307692307693,88.97754016454714
5,72.85781097221971,339.77019103467927,5,0,1,0.8333333333333334,56.62836517244654
65,99.33940143053478,6434.10442200462,9,0,1,0.13636363636363635,97.48643063643362
49,119.05460327701334,5833.86409632041,5,1,0,0.1,116.6772819264082
3,40.06510174037612,47.17001364585059,4,0,1,1.0,11.792503411462647
45,119.46486415599979,5330.611979657484,1,1,0,0.021739130434782608,115.88286912298878
14,28.9812154282774,402.406449787669,9,0,1,0.6,26.827096652511266
30,20.231754790481386,610.5902842075595,9,0,1,0.2903225806451613,19.696460780889016
68,24.416193617783126,1653.2981820499356,1,0,1,0.014492753623188406,23.96084321811501
18,54.17824047367617,973.9844938326222,6,0,1,0.3157894736842105,51.26234178066433
62,83.29063306784342,5151.745751796634,1,1,0,0.015873015873015872,81.77374209201007
37,26.902954088784963,994.8541631881537,5,1,1,0.13157894736842105,26.18037271547773
25,20.566581452956726,527.1888029317846,4,0,1,0.15384615384615385,20.276492420453256
48,113.70910284587947,5470.850948462845,3,1,1,0.061224489795918366,111.65001935638459
65,102.19266359399296,6621.854381265787,6,0,1,0.09090909090909091,100.33112698887557
53,100.9183171139031,5376.123649224352,7,1,0,0.12962962962962962,99.55784535600652
15,108.4424275501977,1631.3496740880653,3,1,0,0.1875,101.95935463050408
49,90.00342727721043,4447.134355273504,0,0,0,0.0,88.94268710547009
68,30.440412974808144,2112.934255224966,0,0,0,0.0,30.62223558297052
12,59.9100188073723,675.6384240472703,0,0,1,0.0,51.97218646517464
59,92.31494864646295,5420.811143975253,0,1,0,0.0,90.34685239958755
37,48.03344607915209,1801.643946127744,4,0,1,0.10526315789473684,47.411682792835364
61,88.74063641362376,5363.232048627181,3,1,0,0.04838709677419355,86.50374271979324
43,22.449844826765236,1007.9486364317064,8,1,1,0.18181818181818182,22.907923555266056
70,50.61373408795932,3532.6449203127727,2,0,1,0.028169014084507043,49.75556225792638
39,74.91303362771727,2938.859302534244,6,0,1,0.15,73.47148256335609
56,83.20898295062423,4656.211325349134,7,1,1,0.12280701754385964,81.6879179885813
63,77.70406644619109,4853.584500276528,5,0,0,0.078125,75.83725781682075
46,89.77562760734295,4161.345208001735,9,1,1,0.19148936170212766,88.53925974471777
11,20.608874823983907,309.21931397994285,0,0,0,0.0,25.76827616499524
62,30.09411999775215,1850.3851915699624,7,0,1,0.1111111111111111,29.37119351698353
25,106.89442522791451,2662.6898741725054,9,0,1,0.34615384615384615,102.41114900663482
71,88.17486440901612,6180.942386742133,2,1,0,0.027777777777777776,85.84642203808518
52,31.29316426860113,1667.7896290709425,7,0,1,0.1320754716981132,31.46772885039514
4,104.20744373985792,444.1827346446918,3,1,0,0.6,88.83654692893836
59,44.22312178245669,2557.162669303297,7,0,1,0.11666666666666667,42.61937782172162
20,67.82598841952235,1294.5732045290404,0,1,0,0.0,61.64634307281145
63,34.51965128846603,2116.261092678402,2,0,0,0.03125,33.06657957310003
54,91.01100564217066,4933.9493784384,5,0,0,0.09090909090909091,89.70817051706183
57,86.68544210142679,4963.419942369749,8,1,0,0.13793103448275862,85.57620590292672
41,41.11124711661362,1657.8611134500948,1,0,1,0.023809523809523808,39.47288365357368
3,106.34007668570018,333.9980309985845,0,0,1,0.0,83.49950774964613
6,60.13060242197122,365.54992816156187,9,0,1,1.2857142857142858,52.221418308794554
5,49.251509107074185,235.23945432974438,2,1,1,0.3333333333333333,39.20657572162406
5,35.23295894645354,205.2706995328267,3,1,1,0.5,34.21178325547112
54,46.616801251553746,2481.159199547061,4,0,0,0.07272727272727272,45.11198544631019
47,22.2026921223817,1077.9527061597566,2,0,1,0.041666666666666664,22.45734804499493
49,78.32574924561156,3816.106066414536,9,1,0,0.18,76.32212132829072
9,104.22307463439479,991.4537721685645,1,0,0,0.1,99.14537721685645
20,74.89804494416418,1467.8017181788398,1,1,0,0.047619047619047616,69.89531991327809
61,41.927396192387576,2547.0240053776383,6,0,0,0.0967741935483871,41.08103234480062
35,23.366917821387272,819.5997378748251,8,1,1,0.2222222222222222,22.76665938541181
50,41.462807325880284,2074.709922728689,9,1,1,0.17647058823529413,40.680586720170375
62,61.61214280710923,3834.677709059315,1,1,0,0.015873015873015872,60.86790014379865
17,95.96114286997965,1592.7689562422536,6,1,1,0.3333333333333333,88.48716423568075
3,38.78428525377741,115.23348351393318,6,0,1,1.5,28.808370878483295
32,91.97914533546862,2947.4766019270774,6,0,1,0.18181818181818182,89.31747278566901
13,106.69334683518836,1371.1813621366048,2,0,1,0.14285714285714285,97.94152586690034
68,65.39468481083571,4458.9603256606115,6,1,0,0.08695652173913043,64.62261341537118
14,102.14319916425933,1389.613690894997,0,1,0,0.0,92.64091272633314
11,75.46573480350956,820.3294661670848,9,1,1,0.75,68.36078884725707
56,83.7090837080905,4665.113163920959,0,0,0,0.0,81.84409059510455
67,72.62784603382028,4856.362756379488,4,0,1,0.058823529411764705,71.41709935852188
29,66.31727167513418,1966.6119423765274,1,0,0,0.03333333333333333,65.55373141255092
9,43.46534417758494,435.18176938298643,8,1,1,0.8,43.518176938298645
67,50.31940594610461,3409.5126922064455,6,0,0,0.08823529411764706,50.13989253244773
25,48.9970118943609,1211.0575789565971,3,0,1,0.11538461538461539,46.57913765217681
42,76.32889309538147,3233.042058310028,3,1,1,0.06976744186046512,75.18702461186112
9,31.995369302388994,291.3291875292751,1,0,1,0.1,29.13291875292751
40,111.67916907023351,4468.534453914431,4,0,1,0.0975609756097561,108.98864521742514
25,92.06551452831133,2299.317022779208,3,0,0,0.11538461538461539,88.43527010689262
5,60.14456309131936,353.4753511779706,0,1,0,0.0,58.912558529661766
11,35.86241445263779,435.46171714570966,7,0,1,0.5833333333333334,36.28847642880914
59,108.19921697216358,6406.100693911064,2,1,0,0.03333333333333333,106.76834489851773
38,102.37780901011652,3885.247713419109,5,0,0,0.1282051282051282,99.62173624151562
5,92.17215527171793,462.0475991062265,3,1,1,0.5,77.00793318437108
48,47.154704741124235,2279.342825710095,8,0,1,0.16326530612244897,46.51720052469582
18,60.24466374336689,1068.7556800249833,6,0,1,0.3157894736842105,56.25029894868334
70,30.274825245242337,2147.387238645899,8,1,0,0.11267605633802817,30.244890685153504
37,38.903952472753176,1411.8088881485803,9,1,1,0.23684210526315788,37.15286547759422
60,98.30166373167329,5909.855134540319,2,0,1,0.03278688524590164,96.88287105803802
48,91.50387188506838,4323.494383989503,0,1,0,0.0,88.2345792650919
28,79.34857629759347,2205.241580534553,4,0,1,0.13793103448275862,76.04281312188114
69,109.57267259261728,7622.844722878176,2,1,0,0.02857142857142857,108.89778175540252
40,78.32665178130455,3164.1518160839396,5,1,1,0.12195121951219512,77.17443453863267
45,66.69679999636108,3047.420053334284,7,0,1,0.15217391304347827,66.24826202900617
62,54.03707463057627,3330.2793970750977,3,1,0,0.047619047619047616,52.861577731350756
58,114.04485057361725,6617.714518373813,4,0,1,0.06779661016949153,112.16465285379344
67,28.27154615243535,1932.6533598059975,4,0,1,0.058823529411764705,28.421372938323493
56,113.08873720608084,6351.962131581688,3,1,0,0.05263157894736842,111.43793213301207
40,102.67146599310183,4122.115616044823,3,1,0,0.07317073170731707,100.53940526938592
40,32.992992453570125,1368.637157252707,3,0,1,0.07317073170731707,33.38139407933432
33,76.49843576752536,2493.234731359919,3,0,1,0.08823529411764706,73.33043327529174
6,106.65479817490869,634.401647866087,3,0,0,0.42857142857142855,90.62880683801244
19,77.18091636071537,1413.8148439735114,4,1,0,0.2,70.69074219867557
40,110.71998215606223,4395.946104684421,1,0,0,0.024390243902439025,107.21819767522977
59,114.29838168160425,6775.83008098002,1,0,0,0.016666666666666666,112.93050134966701
59,62.23845221843059,3644.548202901641,8,0,1,0.13333333333333333,60.74247004836069
48,57.73136614063236,2793.1713023741063,1,0,0,0.02040816326530612,57.0034959668185
41,113.63211539691568,4708.671282532585,5,0,1,0.11904761904761904,112.11122101268059
13,87.5140061149668,1132.3439342448103,1,0,1,0.07142857142857142,80.88170958891502
45,31.602268134816928,1437.6979692607563,4,0,1,0.08695652173913043,31.254303679581657
53,24.229174922268122,1306.4456347664982,3,0,1,0.05555555555555555,24.193437680861077
42,76.46290509972631,3174.7971622965083,6,1,1,0.13953488372093023,73.83249214643043
63,113.01709654384246,7101.583511903043,6,0,1,0.09375,110.96224237348504
27,104.42487024058184,2789.3616601455556,5,1,0,0.17857142857142858,99.62005929091269
38,87.58477464643364,3312.119743261988,9,1,1,0.23076923076923078,84.92614726312789
60,33.91158488910875,2056.178414288958,4,1,1,0.06557377049180328,33.70784285719603
7,45.42313837486956,300.1060666958182,0,1,1,0.0,37.51325833697727
5,107.55112265526162,536.7010164683537,2,0,1,0.3333333333333333,89.45016941139228
45,38.28072366569005,1691.358716448115,8,0,1,0.17391304347826086,36.76866774887207
58,47.84394082504346,2811.7412327885318,0,0,0,0.0,47.656631064212405
31,32.9600651195442,1005.40871899917,4,0,1,0.125,31.419022468724062
23,87.61082314144112,2060.738348810444,1,1,0,0.041666666666666664,85.86409786710185
42,114.39823053632097,4806.553555340962,3,1,0,0.06976744186046512,111.78031524048748
10,46.89680315953859,426.7580442564936,0,1,0,0.0,38.796185841499415
32,67.54066078500736,2156.1703427238667,2,0,0,0.06060606060606061,65.33849523405657
53,83.43397397112042,4390.117315645398,9,1,1,0.16666666666666666,81.2984688082481
30,119.94662482156306,3616.079225968236,6,0,1,0.1935483870967742,116.6477169667173
39,30.48080649975721,1180.9105700207253,9,0,1,0.225,29.522764250518133
31,69.85707995057092,2170.465786118519,2,0,0,0.0625,67.82705581620372
2,58.51201199025,105.94343067910312,3,1,0,1.0,35.314476893034374
12,106.58201652223552,1262.3239291509265,1,0,1,0.07692307692307693,97.10184070391742
39,67.59677310116558,2607.065490656989,2,1,0,0.05,65.17663726642472
66,31.097752458514808,2077.538350366623,8,1,1,0.11940298507462686,31.00803508009885
13,83.44241452865836,1079.5567958185677,2,1,0,0.14285714285714285,77.11119970132627
46,97.07806182638798,4456.150117202896,4,0,0,0.0851063829787234,94.81170462133821
27,20.28812516656146,541.8329625438946,1,1,0,0.03571428571428571,19.351177233710523
17,105.89566854206295,1779.860511410497,3,1,0,0.16666666666666666,98.8811395228054
60,38.60230000056656,2306.797457230713,6,0,1,0.09836065573770492,37.81635175788054
64,75.20693646533778,4819.412828222422,6,0,1,0.09230769230769231,74.14481274188341
35,61.579750068745014,2124.2671424343725,2,0,1,0.05555555555555555,59.00742062317701
70,91.96538166105304,6410.896156481337,4,0,0,0.056338028169014086,90.29431206311743
30,57.116161478574185,1754.8333671659057,0,0,0,0.0,56.60752797309373
71,106.97631766817108,7584.43585845616,9,1,1,0.125,105.33938692300222
63,93.04963609587902,5845.580249772658,9,0,1,0.140625,91.33719140269778
28,84.77131710629214,2333.2807308094016,9,0,1,0.3103448275862069,80.45795623480696
60,99.62405955628543,6002.963902501353,0,1,0,0.0,98.40924430330087
37,95.40230349283823,3498.207454829689,4,0,0,0.10526315789473684,92.05809091657076
22,23.593867492155333,518.6063049985736,9,1,1,0.391304347826087,22.548100217329285
68,59.47343538448281,3992.9480540653335,8,0,1,0.11594202898550725,57.86881237775846
20,113.08072973164899,2286.1597786439033,0,0,1,0.0,108.8647513639954
68,32.57242689922262,2250.2307164556955,0,0,0,0.0,32.61203936892312
64,93.70965504320512,6011.953533129468,3,0,1,0.046153846153846156,92.49159281737643
17,117.45918113353297,1950.7716753279014,3,0,1,0.16666666666666666,108.37620418488342
12,25.219862904497163,327.80121917124285,1,1,0,0.07692307692307693,25.215478397787912
22,88.21938806266104,1916.0060673893324,8,0,1,0.34782608695652173,83.30461162562315
17,66.81541413010304,1100.7328838501035,8,1,0,0.4444444444444444,61.1518268805613
10,77.91752553747222,767.6714240019926,1,0,1,0.09090909090909091,69.78831127290842
65,28.534133648432487,1842.617656947717,8,0,1,0.12121212121212122,27.918449347692682
22,24.30069518669395,519.4638345718582,5,1,1,0.21739130434782608,22.585384111819923
50,86.68666605509218,4372.54353019175,7,0,1,0.13725490196078433,85.73614765081862
14,102.33094298207179,1492.987981642284,9,1,1,0.6,99.5325321094856
64,98.20153349329672,6243.824047450506,3,1,0,0.046153846153846156,96.05883149923856
47,74.38057278662373,3475.2219491415776,1,1,0,0.020833333333333332,72.40045727378286
29,29.986682113617817,873.8962313762654,1,0,1,0.03333333333333333,29.129874379208847
36,88.80444438360138,3185.2985030815325,8,0,1,0.21621621621621623,86.0891487319333
52,44.18888835541459,2309.804156959914,0,1,0,0.0,43.58121050867762
7,111.10687027673836,805.2276526155424,6,1,1,0.75,100.6534565769428
29,103.82653595457049,3033.4505209506456,2,0,1,0.06666666666666667,101.11501736502152
11,90.93829670873909,1018.613270831625,2,0,1,0.16666666666666666,84.88443923596874
33,114.88459558311304,3840.964519870322,1,0,0,0.029411764705882353,112.96954470206829
6,23.142182151127294,91.1846744192805,9,0,1,1.2857142857142858,13.026382059897214
32,93.6200425060762,3040.244623953077,5,0,1,0.15151515151515152,92.12862496827506
51,53.02427793364053,2691.8484255929748,9,0,1,0.17307692307692307,51.76631587678798
58,110.60658856863652,6438.735893601187,1,1,0,0.01694915254237288,109.13111684069808
26,46.66751966619776,1182.4655244727585,9,1,1,0.3333333333333333,43.79501942491698
46,92.48564993150171,4227.08500509228,3,1,0,0.06382978723404255,89.93797883175064
29,107.76470196507815,3145.039875731727,9,0,1,0.3,104.83466252439091
4,24.16568183826824,38.8008266705776,8,0,1,1.6,7.76016533411552
13,59.764757959203614,806.6251158182963,8,1,1,0.5714285714285714,57.61607970130688
39,96.23090320219387,3790.8041299558085,5,1,0,0.125,94.77010324889521
15,65.4918889507587,987.7118798762494,3,1,1,0.1875,61.73199249226559
29,46.72526297935953,1359.285457468783,6,1,1,0.2,45.309515248959435
29,41.980534882319006,1192.4264272399976,0,0,1,0.0,39.747547574666584
32,33.151826691637794,1081.0919362045195,3,1,0,0.09090909090909091,32.760361703167256
2,105.71295598562823,221.85586936347923,4,0,1,1.3333333333333333,73.95195645449307
47,77.53554032515561,3616.525233401599,7,0,1,0.14583333333333334,75.34427569586664
22,27.638494499145597,596.3024804785574,1,1,0,0.043478260869565216,25.92619480341554
27,58.25803235706354,1568.1868108998415,4,0,1,0.14285714285714285,56.00667181785148
67,56.77336508051099,3792.031394498661,5,0,1,0.07352941176470588,55.76516756615678
56,38.1739190709463,2096.8521255724936,4,0,1,0.07017543859649122,36.78687939600866
21,63.550762547219065,1355.5366227491172,8,0,1,0.36363636363636365,61.61530103405078
47,53.209936539313645,2493.5617036706844,9,1,1,0.1875,51.94920215980593
59,54.18037054921825,3197.1028056806763,0,0,0,0.0,53.2850467613446
6,93.90265577879586,546.0679370508524,2,0,1,0.2857142857142857,78.00970529297891
19,42.32633855051963,818.4585766790327,1,0,1,0.05,40.92292883395164
57,84.18599588553555,4804.562651006968,2,0,0,0.034482758620689655,82.83728708632704
69,77.06496238809349,5353.865936452363,9,0,1,0.12857142857142856,76.48379909217661
3,76.80925123378672,244.84571508952973,8,1,1,2.0,61.21142877238243
1,86.30073461417759,80.22020255906426,8,0,1,4.0,40.11010127953213
58,74.8382036195654,4318.424305409716,9,1,1,0.15254237288135594,73.19363229507994
38,107.92551148463846,4127.148016933761,1,1,0,0.02564102564102564,105.8243081265067
15,87.55800919502597,1304.8928549617958,2,1,0,0.125,81.55580343511224
34,74.69632513713881,2534.5235276648327,3,0,0,0.08571428571428572,72.41495793328093
61,102.97631202876448,6276.395885565854,8,0,1,0.12903225806451613,101.23219170267507
35,80.61465649334798,2809.4647459474654,2,1,1,0.05555555555555555,78.0406873874296
64,49.1144247785179,3138.6870159982495,6,0,1,0.09230769230769231,48.28749255381922
25,40.709491817657124,1075.5235223234056,2,1,0,0.07692307692307693,41.36628932013098
24,35.23277856626788,814.1520239665984,6,1,1,0.24,32.56608095866394
12,109.94552125461016,1294.9111287324736,6,1,1,0.46153846153846156,99.60854836403642
18,91.01354317980658,1679.7735097811458,8,1,1,0.42105263157894735,88.40913209374452
15,113.73784381643208,1694.823525711629,1,0,1,0.0625,105.92647035697681
27,80.3291805714943,2155.3692369080995,5,0,1,0.17857142857142858,76.97747274671784
60,67.34008814949127,4071.4512046726786,8,1,0,0.13114754098360656,66.74510171594555
46,25.971648897088933,1152.0899807476383,1,0,1,0.02127659574468085,24.512552781864645
17,87.16422815460298,1506.435511505853,1,0,1,0.05555555555555555,83.69086175032515
53,78.22087597682312,4147.0749196512725,4,1,0,0.07407407407407407,76.79768369724579
8,119.02088935876215,966.1111787950565,9,0,1,1.0,107.34568653278406
27,43.9158777782243,1199.10962866962,9,1,1,0.32142857142857145,42.825343881057854
46,73.07373552868359,3342.552356724966,9,1,1,0.19148936170212766,71.11813524946736
50,85.09573351180727,4286.322188994861,7,0,1,0.13725490196078433,84.0455331175463
71,84.45911747423436,5980.093209326298,8,1,1,0.1111111111111111,83.05685012953192
3,76.12935429484027,240.65353345448307,1,1,0,0.25,60.16338336362077
64,97.69280103272254,6289.471000660117,4,1,0,0.06153846153846154,96.76109231784795
44,40.498120952681646,1823.2843729133865,6,0,1,0.13333333333333333,40.51743050918637
53,92.56272002744159,4897.810371376183,5,0,1,0.09259259259259259,90.70019206252191
24,81.97345714330892,1981.2570296666445,5,1,1,0.2,79.25028118666577
60,109.60751117945733,6565.666007061332,6,0,1,0.09836065573770492,107.63386896821855
3,104.71944390335817,389.2722185281377,2,0,1,0.5,97.31805463203443
20,51.514703913255325,1053.697858441321,2,1,1,0.09523809523809523,50.17608849720576
46,47.623732497515306,2193.213447960812,9,0,1,0.19148936170212766,46.664115914059835
15,118.16533238524478,1781.856850982404,8,0,1,0.5,111.36605318640025
25,72.72651809152566,1830.3761147515236,7,0,1,0.2692307692307692,70.39908133659706
71,110.64209639144369,7868.691150016006,4,0,0,0.05555555555555555,109.28737708355564
17,36.38810237804822,611.397793897423,5,1,1,0.2777777777777778,33.96654410541239
9,84.28189148001742,746.7072043431016,9,0,1,0.9,74.67072043431016
38,100.98601873605861,3832.9131111184324,0,0,0,0.0,98.27982336201109
48,114.73952495864468,5473.306446863528,9,1,1,0.1836734693877551,111.70013156864344
60,53.73401410170235,3245.589078311375,0,1,0,0.0,53.20637833297336
63,92.49811699240524,5803.3302192420615,3,1,0,0.046875,90.67703467565721
2,73.8813009039619,115.9640994383823,1,0,1,0.3333333333333333,38.6546998127941
11,26.06289260664682,286.2611846761905,6,0,1,0.5,23.855098723015875
64,88.99997373089434,5692.094639886541,1,1,0,0.015384615384615385,87.57068676748524
21,89.00965582378434,1876.6918065731409,9,0,1,0.4090909090909091,85.30417302605186
18,113.0606804846537,2018.0460876418745,1,1,0,0.05263157894736842,106.21295198115129
64,69.73124461689724,4451.023378734494,4,0,0,0.06153846153846154,68.47728274976144
38,43.02509207105147,1655.7170838526106,3,0,1,0.07692307692307693,42.45428420134899
32,24.456382344867915,801.5407510506291,7,1,1,0.21212121212121213,24.28911366820088
11,61.56421866859057,694.8921567397966,3,1,1,0.25,57.90767972831639
45,50.19167000775018,2259.644178719303,5,1,1,0.10869565217391304,49.12269953737615
33,96.10883060238756,3176.6590885787577,4,0,1,0.11764705882352941,93.4311496640811
41,55.426776484104664,2279.4110024796064,1,0,0,0.023809523809523808,54.27169053522872
8,114.90711963148439,899.5757048576058,7,0,1,0.7777777777777778,99.95285609528953
11,116.23102029877842,1322.7626212909456,1,0,1,0.08333333333333333,110.23021844091214
51,82.0908590217708,4226.581451084942,8,0,1,0.15384615384615385,81.28041252086427
41,112.86602870148829,4651.334544491049,8,0,1,0.19047619047619047,110.74606058312023
17,96.08543445144956,1620.6765380825946,2,0,0,0.1111111111111111,90.03758544903303
46,74.68596409751262,3451.7286720240854,3,1,0,0.06382978723404255,73.44103557498055
32,38.03079354227781,1246.336491485983,7,1,1,0.21212121212121213,37.76777246927222
54,65.859794351384,3519.7329879231015,8,1,1,0.14545454545454545,63.995145234965484
20,76.08744633626176,1572.5842795761903,2,0,0,0.09523809523809523,74.8849656941043
33,106.39615807350101,3458.8915880908594,4,1,0,0.11764705882352941,101.7321055320841
40,68.13333765356649,2746.471680733932,7,0,1,0.17073170731707318,66.98711416424224
32,109.76746726779567,3556.1574217570355,2,0,1,0.06060606060606061,107.76234611384956
2,87.43489790234689,171.47789188388285,6,1,1,2.0,57.15929729462761
33,33.699906305367136,1107.5829760824233,7,0,1,0.20588235294117646,32.57596988477716
30,119.4981369325093,3604.9739317546864,9,0,1,0.2903225806451613,116.28948166950602
33,72.72326607539127,2455.424237245928,2,0,1,0.058823529411764705,72.21835991899788
26,59.18582964090789,1530.3995415253642,1,0,1,0.037037037037037035,56.68146450093941
22,85.91137644695266,1866.6216260769802,9,1,1,0.391304347826087,81.15746200334696
66,30.889331398103906,2025.982608606618,6,1,0,0.08955223880597014,30.2385463971137
38,83.65386467533543,3132.2714378941596,8,1,1,0.20512820512820512,80.3146522536964
46,69.8236000499273,3238.8183392581104,0,0,1,0.0,68.91102849485341
15,60.667406999858315,894.588613416459,2,1,0,0.125,55.91178833852869
44,115.30200211788991,5067.037918565189,4,0,1,0.08888888888888889,112.60084263478198
49,72.25397167320531,3567.7332459296304,2,0,1,0.04,71.3546649185926
61,41.91174794699384,2545.309315034329,0,1,0,0.0,41.05337604894079
67,65.89634793772987,4437.828023689553,6,0,1,0.08823529411764706,65.26217681896402
6,111.93874045726727,640.489787629115,6,1,0,0.8571428571428571,91.49854108987357
9,37.609547133059465,367.2475070472551,9,0,1,0.9,36.72475070472551
6,41.39570386882369,258.63137385090624,7,1,1,1.0,36.94733912155804
32,21.302956775708374,679.0372458980779,4,1,1,0.12121212121212122,20.576886239335693
41,21.419004939576716,882.1060071609593,9,0,1,0.21428571428571427,21.00252398002284
8,102.93916269585125,784.9104627272279,4,0,1,0.4444444444444444,87.21227363635866
50,93.21226068429559,4663.8530565331885,4,1,0,0.0784313725490196,91.44809914770958
62,55.50410564519583,3437.0044564414434,0,0,0,0.0,54.55562629272132
62,89.83111572275727,5531.746196497825,9,0,1,0.14285714285714285,87.80549518250515
7,59.52059263099702,396.51188560978284,4,1,1,0.5,49.563985701222855
4,115.28967959978274,457.28136066055544,5,0,1,1.0,91.45627213211108
6,116.70526814260349,682.0128433071857,0,1,0,0.0,97.43040618674081
58,59.27937758093434,3365.840482542679,6,0,1,0.1016949152542373,57.048143771909814
22,105.4221906340868,2351.579820138176,0,0,0,0.0,102.24260087557286
26,97.30890416974661,2525.7688121607216,1,1,0,0.037037037037037035,93.54699304298968
3,50.99999371717893,84.78147487444043,1,0,1,0.25,21.19536871861011
41,43.203982890110595,1835.4121866849162,4,0,1,0.09523809523809523,43.70029015916467
60,65.82346503928338,3986.649672296398,9,0,1,0.14754098360655737,65.35491266059668
14,98.13488406144063,1363.4189153281188,6,0,1,0.4,90.89459435520793
12,116.01677847287455,1366.9264169334936,0,0,0,0.0,105.14818591796104
12,96.35790688665726,1168.3906189627028,9,0,1,0.6923076923076923,89.87620145866944
13,105.520698501837,1377.8388849704052,0,0,0,0.0,98.4170632121718
25,80.30643061705166,2023.9234631703027,0,0,0,0.0,77.84321012193472
45,103.54078308421259,4634.146630591915,5,1,1,0.10869565217391304,100.74231805634598
19,98.44208580034177,1903.3327908356425,1,1,0,0.05,95.16663954178213
55,57.69855419262801,3159.216616899274,0,0,0,0.0,56.41458244462989
45,75.1990302120721,3404.3793320029117,5,1,0,0.10869565217391304,74.00824634788938
8,100.47531219896949,779.8943197780452,1,1,0,0.1111111111111111,86.6549244197828
53,24.605673418995636,1383.5450107793733,5,0,1,0.09259259259259259,25.621203903321728
55,100.80792823558299,5565.3017534260225,9,1,1,0.16071428571428573,99.38038845403612
32,37.788812404902345,1295.7689652540844,7,0,1,0.21212121212121213,39.26572621982074
51,71.46836171214389,3669.71450660912,1,1,1,0.019230769230769232,70.57143281940616
44,100.82754395559377,4419.568003340065,8,0,1,0.17777777777777778,98.21262229644589
70,45.382107815669485,3201.6289709045395,7,0,1,0.09859154929577464,45.09336578738788
18,44.5807439306153,829.4707252968719,9,1,1,0.47368421052631576,43.65635396299326
22,60.27643984622519,1337.281400951887,0,0,1,0.0,58.14266960660378
37,109.46427975776345,4069.090125198209,6,0,1,0.15789473684210525,107.0813190841634
56,20.04427814372079,1145.3313899305945,9,0,1,0.15789473684210525,20.093533156677097
59,110.1383096641935,6468.349839864444,5,0,1,0.08333333333333333,107.80583066440741
3,35.38070246416078,74.19635525058376,5,1,1,1.25,18.54908881264594
28,119.00863760674821,3308.4153430305173,5,1,0,0.1724137931034483,114.0832876907075
35,115.48469930384681,4045.7907474657536,5,0,1,0.1388888888888889,112.38307631849315
61,69.46751895912834,4230.823521362626,9,0,1,0.14516129032258066,68.2390890542359
54,71.27202478126281,3819.4222212105033,6,1,1,0.10909090909090909,69.44404038564551
63,68.15493402758543,4317.020270053472,2,0,1,0.03125,67.4534417195855
